Time,Temperature
1901-01-01 00:00:00,-0.28059345
1901-02-01 00:00:00,-0.26819772
1901-03-01 00:00:00,-0.20081724
1901-04-01 00:00:00,-0.1753031
1901-05-01 00:00:00,-0.24934465
1901-06-01 00:00:00,-0.23662645
1901-07-01 00:00:00,-0.3289457
1901-08-01 00:00:00,-0.2050631
1901-09-01 00:00:00,-0.35517338
1901-10-01 00:00:00,-0.3407429
1901-11-01 00:00:00,-0.39582872
1901-12-01 00:00:00,-0.48450628
1902-01-01 00:00:00,-0.43956748
1902-02-01 00:00:00,-0.23221202
1902-03-01 00:00:00,-0.47400042
1902-04-01 00:00:00,-0.4305058
1902-05-01 00:00:00,-0.43023685
1902-06-01 00:00:00,-0.44518706
1902-07-01 00:00:00,-0.38915876
1902-08-01 00:00:00,-0.42510903
1902-09-01 00:00:00,-0.37280047
1902-10-01 00:00:00,-0.5005036
1902-11-01 00:00:00,-0.56261593
1902-12-01 00:00:00,-0.565914
1903-01-01 00:00:00,-0.4344225
1903-02-01 00:00:00,-0.24027054
1903-03-01 00:00:00,-0.39843398
1903-04-01 00:00:00,-0.58799607
1903-05-01 00:00:00,-0.5160877
1903-06-01 00:00:00,-0.5476815
1903-07-01 00:00:00,-0.5052094
1903-08-01 00:00:00,-0.60140806
1903-09-01 00:00:00,-0.55975336
1903-10-01 00:00:00,-0.66481555
1903-11-01 00:00:00,-0.62978834
1903-12-01 00:00:00,-0.71404976
1904-01-01 00:00:00,-0.806605
1904-02-01 00:00:00,-0.769914
1904-03-01 00:00:00,-0.6964779
1904-04-01 00:00:00,-0.6468306
1904-05-01 00:00:00,-0.6093934
1904-06-01 00:00:00,-0.5641545
1904-07-01 00:00:00,-0.5530446
1904-08-01 00:00:00,-0.4784086
1904-09-01 00:00:00,-0.59661376
1904-10-01 00:00:00,-0.55304295
1904-11-01 00:00:00,-0.39660597
1904-12-01 00:00:00,-0.49964583
1905-01-01 00:00:00,-0.46341595
1905-02-01 00:00:00,-0.72016865
1905-03-01 00:00:00,-0.52405393
1905-04-01 00:00:00,-0.5589943
1905-05-01 00:00:00,-0.43423653
1905-06-01 00:00:00,-0.34258264
1905-07-01 00:00:00,-0.37310305
1905-08-01 00:00:00,-0.30447677
1905-09-01 00:00:00,-0.34519514
1905-10-01 00:00:00,-0.3351493
1905-11-01 00:00:00,-0.21728525
1905-12-01 00:00:00,-0.27435452
1906-01-01 00:00:00,-0.29668435
1906-02-01 00:00:00,-0.3885811
1906-03-01 00:00:00,-0.289529
1906-04-01 00:00:00,-0.10402012
1906-05-01 00:00:00,-0.3765242
1906-06-01 00:00:00,-0.23253845
1906-07-01 00:00:00,-0.34295923
1906-08-01 00:00:00,-0.27118164
1906-09-01 00:00:00,-0.35302594
1906-10-01 00:00:00,-0.32229662
1906-11-01 00:00:00,-0.53179437
1906-12-01 00:00:00,-0.32053673
1907-01-01 00:00:00,-0.52930236
1907-02-01 00:00:00,-0.6185913
1907-03-01 00:00:00,-0.43793064
1907-04-01 00:00:00,-0.4779983
1907-05-01 00:00:00,-0.6450355
1907-06-01 00:00:00,-0.5440585
1907-07-01 00:00:00,-0.42508972
1907-08-01 00:00:00,-0.4910157
1907-09-01 00:00:00,-0.3986793
1907-10-01 00:00:00,-0.33594123
1907-11-01 00:00:00,-0.55637306
1907-12-01 00:00:00,-0.58987683
1908-01-01 00:00:00,-0.46647665
1908-02-01 00:00:00,-0.4139059
1908-03-01 00:00:00,-0.7040725
1908-04-01 00:00:00,-0.5884082
1908-05-01 00:00:00,-0.45306396
1908-06-01 00:00:00,-0.41279954
1908-07-01 00:00:00,-0.40103948
1908-08-01 00:00:00,-0.48125657
1908-09-01 00:00:00,-0.3872215
1908-10-01 00:00:00,-0.5747282
1908-11-01 00:00:00,-0.6453218
1908-12-01 00:00:00,-0.63815445
1909-01-01 00:00:00,-0.7629406
1909-02-01 00:00:00,-0.53553337
1909-03-01 00:00:00,-0.6521415
1909-04-01 00:00:00,-0.63281554
1909-05-01 00:00:00,-0.5918205
1909-06-01 00:00:00,-0.50006735
1909-07-01 00:00:00,-0.5237631
1909-08-01 00:00:00,-0.3369181
1909-09-01 00:00:00,-0.4156719
1909-10-01 00:00:00,-0.49451607
1909-11-01 00:00:00,-0.38665202
1909-12-01 00:00:00,-0.59633845
1910-01-01 00:00:00,-0.4327842
1910-02-01 00:00:00,-0.5290626
1910-03-01 00:00:00,-0.6189373
1910-04-01 00:00:00,-0.5349184
1910-05-01 00:00:00,-0.5368389
1910-06-01 00:00:00,-0.5593434
1910-07-01 00:00:00,-0.43475804
1910-08-01 00:00:00,-0.38878688
1910-09-01 00:00:00,-0.4229382
1910-10-01 00:00:00,-0.48481956
1910-11-01 00:00:00,-0.672429
1910-12-01 00:00:00,-0.7566741
1911-01-01 00:00:00,-0.66804653
1911-02-01 00:00:00,-0.70603365
1911-03-01 00:00:00,-0.7639851
1911-04-01 00:00:00,-0.64364564
1911-05-01 00:00:00,-0.6272078
1911-06-01 00:00:00,-0.55432284
1911-07-01 00:00:00,-0.49260998
1911-08-01 00:00:00,-0.5064451
1911-09-01 00:00:00,-0.4982411
1911-10-01 00:00:00,-0.34511527
1911-11-01 00:00:00,-0.34931326
1911-12-01 00:00:00,-0.315495
1912-01-01 00:00:00,-0.32940087
1912-02-01 00:00:00,-0.31491742
1912-03-01 00:00:00,-0.5543457
1912-04-01 00:00:00,-0.33788237
1912-05-01 00:00:00,-0.3352509
1912-06-01 00:00:00,-0.28508794
1912-07-01 00:00:00,-0.50730854
1912-08-01 00:00:00,-0.57247293
1912-09-01 00:00:00,-0.6437677
1912-10-01 00:00:00,-0.6791174
1912-11-01 00:00:00,-0.55792326
1912-12-01 00:00:00,-0.59060127
1913-01-01 00:00:00,-0.5636491
1913-02-01 00:00:00,-0.55008626
1913-03-01 00:00:00,-0.60579985
1913-04-01 00:00:00,-0.5340449
1913-05-01 00:00:00,-0.54116863
1913-06-01 00:00:00,-0.5514844
1913-07-01 00:00:00,-0.47697932
1913-08-01 00:00:00,-0.39560005
1913-09-01 00:00:00,-0.41690665
1913-10-01 00:00:00,-0.43836418
1913-11-01 00:00:00,-0.36772293
1913-12-01 00:00:00,-0.16402407
1914-01-01 00:00:00,-0.078474745
1914-02-01 00:00:00,-0.27010897
1914-03-01 00:00:00,-0.39748344
1914-04-01 00:00:00,-0.4089052
1914-05-01 00:00:00,-0.30789974
1914-06-01 00:00:00,-0.30798316
1914-07-01 00:00:00,-0.2969515
1914-08-01 00:00:00,-0.24459992
1914-09-01 00:00:00,-0.30140656
1914-10-01 00:00:00,-0.110274434
1914-11-01 00:00:00,-0.19029672
1914-12-01 00:00:00,-0.23672462
1915-01-01 00:00:00,-0.28745866
1915-02-01 00:00:00,-0.22042616
1915-03-01 00:00:00,-0.19399805
1915-04-01 00:00:00,-0.082622275
1915-05-01 00:00:00,-0.16808057
1915-06-01 00:00:00,-0.17210917
1915-07-01 00:00:00,-0.16903177
1915-08-01 00:00:00,-0.06681827
1915-09-01 00:00:00,-0.120297745
1915-10-01 00:00:00,-0.28610688
1915-11-01 00:00:00,-0.17281866
1915-12-01 00:00:00,-0.3623588
1916-01-01 00:00:00,-0.33786005
1916-02-01 00:00:00,-0.26403636
1916-03-01 00:00:00,-0.43909237
1916-04-01 00:00:00,-0.37517795
1916-05-01 00:00:00,-0.41811523
1916-06-01 00:00:00,-0.49483928
1916-07-01 00:00:00,-0.38488427
1916-08-01 00:00:00,-0.29676017
1916-09-01 00:00:00,-0.3218673
1916-10-01 00:00:00,-0.3744158
1916-11-01 00:00:00,-0.5142024
1916-12-01 00:00:00,-0.8212685
1917-01-01 00:00:00,-0.6892141
1917-02-01 00:00:00,-0.715982
1917-03-01 00:00:00,-0.78429514
1917-04-01 00:00:00,-0.5461108
1917-05-01 00:00:00,-0.6442835
1917-06-01 00:00:00,-0.47886908
1917-07-01 00:00:00,-0.24527456
1917-08-01 00:00:00,-0.33282208
1917-09-01 00:00:00,-0.2979707
1917-10-01 00:00:00,-0.53561026
1917-11-01 00:00:00,-0.45924768
1917-12-01 00:00:00,-0.7865544
1918-01-01 00:00:00,-0.5179739
1918-02-01 00:00:00,-0.67216516
1918-03-01 00:00:00,-0.57906806
1918-04-01 00:00:00,-0.6234592
1918-05-01 00:00:00,-0.5252177
1918-06-01 00:00:00,-0.38651752
1918-07-01 00:00:00,-0.36958522
1918-08-01 00:00:00,-0.42982036
1918-09-01 00:00:00,-0.25825897
1918-10-01 00:00:00,-0.11888721
1918-11-01 00:00:00,-0.18980259
1918-12-01 00:00:00,-0.42425612
1919-01-01 00:00:00,-0.25126135
1919-02-01 00:00:00,-0.24207273
1919-03-01 00:00:00,-0.39209825
1919-04-01 00:00:00,-0.21141803
1919-05-01 00:00:00,-0.30793867
1919-06-01 00:00:00,-0.35769194
1919-07-01 00:00:00,-0.29989257
1919-08-01 00:00:00,-0.2381391
1919-09-01 00:00:00,-0.28606114
1919-10-01 00:00:00,-0.25880492
1919-11-01 00:00:00,-0.5575256
1919-12-01 00:00:00,-0.5033144
1920-01-01 00:00:00,-0.25863704
1920-02-01 00:00:00,-0.545883
1920-03-01 00:00:00,-0.17207259
1920-04-01 00:00:00,-0.33658424
1920-05-01 00:00:00,-0.25627613
1920-06-01 00:00:00,-0.23811027
1920-07-01 00:00:00,-0.30046934
1920-08-01 00:00:00,-0.22659715
1920-09-01 00:00:00,-0.1964555
1920-10-01 00:00:00,-0.21776049
1920-11-01 00:00:00,-0.3456471
1920-12-01 00:00:00,-0.4884766
1921-01-01 00:00:00,-0.21760732
1921-02-01 00:00:00,-0.29521245
1921-03-01 00:00:00,-0.34263408
1921-04-01 00:00:00,-0.29096943
1921-05-01 00:00:00,-0.30159548
1921-06-01 00:00:00,-0.15440017
1921-07-01 00:00:00,-0.15540703
1921-08-01 00:00:00,-0.32134694
1921-09-01 00:00:00,-0.20710628
1921-10-01 00:00:00,-0.13444184
1921-11-01 00:00:00,-0.19592439
1921-12-01 00:00:00,-0.27147904
1922-01-01 00:00:00,-0.419077
1922-02-01 00:00:00,-0.40880406
1922-03-01 00:00:00,-0.344148
1922-04-01 00:00:00,-0.29111138
1922-05-01 00:00:00,-0.46964964
1922-06-01 00:00:00,-0.29270366
1922-07-01 00:00:00,-0.2590808
1922-08-01 00:00:00,-0.355893
1922-09-01 00:00:00,-0.32432133
1922-10-01 00:00:00,-0.34514487
1922-11-01 00:00:00,-0.25539744
1922-12-01 00:00:00,-0.30540624
1923-01-01 00:00:00,-0.40372258
1923-02-01 00:00:00,-0.4944323
1923-03-01 00:00:00,-0.45562357
1923-04-01 00:00:00,-0.41038665
1923-05-01 00:00:00,-0.4038749
1923-06-01 00:00:00,-0.25269112
1923-07-01 00:00:00,-0.41963744
1923-08-01 00:00:00,-0.32384917
1923-09-01 00:00:00,-0.34093276
1923-10-01 00:00:00,-0.1764545
1923-11-01 00:00:00,-0.03351226
1923-12-01 00:00:00,-0.10004945
1924-01-01 00:00:00,-0.32711104
1924-02-01 00:00:00,-0.31528232
1924-03-01 00:00:00,-0.17595449
1924-04-01 00:00:00,-0.34247932
1924-05-01 00:00:00,-0.21757317
1924-06-01 00:00:00,-0.27555224
1924-07-01 00:00:00,-0.29391536
1924-08-01 00:00:00,-0.3172419
1924-09-01 00:00:00,-0.33069578
1924-10-01 00:00:00,-0.36585054
1924-11-01 00:00:00,-0.2907367
1924-12-01 00:00:00,-0.49235374
1925-01-01 00:00:00,-0.49163565
1925-02-01 00:00:00,-0.48531267
1925-03-01 00:00:00,-0.37375176
1925-04-01 00:00:00,-0.30694255
1925-05-01 00:00:00,-0.3056574
1925-06-01 00:00:00,-0.33413643
1925-07-01 00:00:00,-0.33086437
1925-08-01 00:00:00,-0.16828516
1925-09-01 00:00:00,-0.25893372
1925-10-01 00:00:00,-0.28853402
1925-11-01 00:00:00,-0.059098415
1925-12-01 00:00:00,0.014048895
1926-01-01 00:00:00,0.08253241
1926-02-01 00:00:00,-0.035031483
1926-03-01 00:00:00,0.023573108
1926-04-01 00:00:00,-0.1579929
1926-05-01 00:00:00,-0.27003446
1926-06-01 00:00:00,-0.18281585
1926-07-01 00:00:00,-0.2084477
1926-08-01 00:00:00,-0.10001693
1926-09-01 00:00:00,-0.11788381
1926-10-01 00:00:00,-0.06996329
1926-11-01 00:00:00,-0.115788996
1926-12-01 00:00:00,-0.32215574
1927-01-01 00:00:00,-0.31123906
1927-02-01 00:00:00,-0.21210012
1927-03-01 00:00:00,-0.41895348
1927-04-01 00:00:00,-0.3145047
1927-05-01 00:00:00,-0.23004514
1927-06-01 00:00:00,-0.24831119
1927-07-01 00:00:00,-0.20484532
1927-08-01 00:00:00,-0.21330415
1927-09-01 00:00:00,-0.11964897
1927-10-01 00:00:00,-0.02967228
1927-11-01 00:00:00,-0.12667355
1927-12-01 00:00:00,-0.32356292
1928-01-01 00:00:00,-0.017104585
1928-02-01 00:00:00,-0.124669254
1928-03-01 00:00:00,-0.3195826
1928-04-01 00:00:00,-0.23520902
1928-05-01 00:00:00,-0.3014689
1928-06-01 00:00:00,-0.32672966
1928-07-01 00:00:00,-0.1883196
1928-08-01 00:00:00,-0.17851628
1928-09-01 00:00:00,-0.20668688
1928-10-01 00:00:00,-0.1840448
1928-11-01 00:00:00,-0.17209516
1928-12-01 00:00:00,-0.22671194
1929-01-01 00:00:00,-0.4364513
1929-02-01 00:00:00,-0.6036853
1929-03-01 00:00:00,-0.48715258
1929-04-01 00:00:00,-0.4373352
1929-05-01 00:00:00,-0.4345294
1929-06-01 00:00:00,-0.40885338
1929-07-01 00:00:00,-0.4396209
1929-08-01 00:00:00,-0.2663079
1929-09-01 00:00:00,-0.27733904
1929-10-01 00:00:00,-0.22126578
1929-11-01 00:00:00,-0.14017749
1929-12-01 00:00:00,-0.5603613
1930-01-01 00:00:00,-0.3631465
1930-02-01 00:00:00,-0.35584554
1930-03-01 00:00:00,-0.24732758
1930-04-01 00:00:00,-0.23128887
1930-05-01 00:00:00,-0.25067642
1930-06-01 00:00:00,-0.20374553
1930-07-01 00:00:00,-0.1882644
1930-08-01 00:00:00,-0.09765256
1930-09-01 00:00:00,-0.092231415
1930-10-01 00:00:00,-0.090577535
1930-11-01 00:00:00,0.06376379
1930-12-01 00:00:00,-0.06467221
1931-01-01 00:00:00,-0.13693942
1931-02-01 00:00:00,-0.2586906
1931-03-01 00:00:00,-0.10919364
1931-04-01 00:00:00,-0.17070459
1931-05-01 00:00:00,-0.19289996
1931-06-01 00:00:00,-0.02544678
1931-07-01 00:00:00,-0.008178203
1931-08-01 00:00:00,-0.026662722
1931-09-01 00:00:00,-0.051968556
1931-10-01 00:00:00,-0.026985472
1931-11-01 00:00:00,-0.13579522
1931-12-01 00:00:00,-0.09730702
1932-01-01 00:00:00,0.07975415
1932-02-01 00:00:00,-0.17805362
1932-03-01 00:00:00,-0.1947655
1932-04-01 00:00:00,-0.061219946
1932-05-01 00:00:00,-0.15982142
1932-06-01 00:00:00,-0.25541136
1932-07-01 00:00:00,-0.12971984
1932-08-01 00:00:00,-0.18982057
1932-09-01 00:00:00,-0.00055066624
1932-10-01 00:00:00,-0.09439127
1932-11-01 00:00:00,-0.29486138
1932-12-01 00:00:00,-0.26667866
1933-01-01 00:00:00,-0.31109115
1933-02-01 00:00:00,-0.35099408
1933-03-01 00:00:00,-0.3851551
1933-04-01 00:00:00,-0.28470516
1933-05-01 00:00:00,-0.2769364
1933-06-01 00:00:00,-0.32360965
1933-07-01 00:00:00,-0.2903949
1933-08-01 00:00:00,-0.15375972
1933-09-01 00:00:00,-0.32664743
1933-10-01 00:00:00,-0.245828
1933-11-01 00:00:00,-0.40483868
1933-12-01 00:00:00,-0.5141726
1934-01-01 00:00:00,-0.32326755
1934-02-01 00:00:00,-0.1451731
1934-03-01 00:00:00,-0.4310569
1934-04-01 00:00:00,-0.37176266
1934-05-01 00:00:00,-0.14018929
1934-06-01 00:00:00,-0.09232751
1934-07-01 00:00:00,-0.17809097
1934-08-01 00:00:00,-0.11440116
1934-09-01 00:00:00,-0.13450967
1934-10-01 00:00:00,-0.08177011
1934-11-01 00:00:00,0.031826723
1934-12-01 00:00:00,-0.111320004
1935-01-01 00:00:00,-0.3479727
1935-02-01 00:00:00,0.04972145
1935-03-01 00:00:00,-0.21446298
1935-04-01 00:00:00,-0.3228376
1935-05-01 00:00:00,-0.31434223
1935-06-01 00:00:00,-0.2092866
1935-07-01 00:00:00,-0.14094204
1935-08-01 00:00:00,-0.14877552
1935-09-01 00:00:00,-0.19052882
1935-10-01 00:00:00,-0.055213235
1935-11-01 00:00:00,-0.32153568
1935-12-01 00:00:00,-0.25653476
1936-01-01 00:00:00,-0.39848116
1936-02-01 00:00:00,-0.34311983
1936-03-01 00:00:00,-0.32916442
1936-04-01 00:00:00,-0.1883213
1936-05-01 00:00:00,-0.17232911
1936-06-01 00:00:00,-0.14899857
1936-07-01 00:00:00,-0.06987007
1936-08-01 00:00:00,-0.07327964
1936-09-01 00:00:00,-0.108766146
1936-10-01 00:00:00,-0.041382577
1936-11-01 00:00:00,-0.054110777
1936-12-01 00:00:00,-0.10642759
1937-01-01 00:00:00,-0.12685171
1937-02-01 00:00:00,0.066486835
1937-03-01 00:00:00,-0.26192847
1937-04-01 00:00:00,-0.121213466
1937-05-01 00:00:00,-0.091207266
1937-06-01 00:00:00,-0.008428331
1937-07-01 00:00:00,0.019690081
1937-08-01 00:00:00,0.036828596
1937-09-01 00:00:00,0.14490855
1937-10-01 00:00:00,0.12801065
1937-11-01 00:00:00,0.061703082
1937-12-01 00:00:00,-0.0783857
1938-01-01 00:00:00,0.04551444
1938-02-01 00:00:00,-0.009824214
1938-03-01 00:00:00,-0.015279184
1938-04-01 00:00:00,0.04000326
1938-05-01 00:00:00,-0.09591497
1938-06-01 00:00:00,-0.09364482
1938-07-01 00:00:00,-0.04622565
1938-08-01 00:00:00,-0.0028444168
1938-09-01 00:00:00,0.01991738
1938-10-01 00:00:00,0.16282216
1938-11-01 00:00:00,0.054737236
1938-12-01 00:00:00,-0.20567
1939-01-01 00:00:00,-0.121787794
1939-02-01 00:00:00,-0.117604576
1939-03-01 00:00:00,-0.28873166
1939-04-01 00:00:00,-0.106402785
1939-05-01 00:00:00,-0.03005215
1939-06-01 00:00:00,0.014760026
1939-07-01 00:00:00,-0.037748978
1939-08-01 00:00:00,-0.04066755
1939-09-01 00:00:00,-0.017160367
1939-10-01 00:00:00,-0.09934573
1939-11-01 00:00:00,0.021302136
1939-12-01 00:00:00,0.33387345
1940-01-01 00:00:00,-0.052654818
1940-02-01 00:00:00,0.08632718
1940-03-01 00:00:00,-0.035766255
1940-04-01 00:00:00,0.14895241
1940-05-01 00:00:00,0.0502412
1940-06-01 00:00:00,0.044663727
1940-07-01 00:00:00,0.1482532
1940-08-01 00:00:00,0.09961082
1940-09-01 00:00:00,0.13118677
1940-10-01 00:00:00,0.09584135
1940-11-01 00:00:00,-0.0046561854
1940-12-01 00:00:00,0.19923072
1941-01-01 00:00:00,-0.039560955
1941-02-01 00:00:00,0.11823889
1941-03-01 00:00:00,-0.11652528
1941-04-01 00:00:00,0.036228664
1941-05-01 00:00:00,0.06123504
1941-06-01 00:00:00,0.0596246
1941-07-01 00:00:00,0.16075781
1941-08-01 00:00:00,0.039676894
1941-09-01 00:00:00,-0.14452067
1941-10-01 00:00:00,0.21426645
1941-11-01 00:00:00,-0.007257905
1941-12-01 00:00:00,0.07538852
1942-01-01 00:00:00,0.25783694
1942-02-01 00:00:00,0.016801072
1942-03-01 00:00:00,-0.041579403
1942-04-01 00:00:00,-0.015153615
1942-05-01 00:00:00,0.12379065
1942-06-01 00:00:00,0.030325836
1942-07-01 00:00:00,-0.059752498
1942-08-01 00:00:00,-0.05740612
1942-09-01 00:00:00,-0.013465349
1942-10-01 00:00:00,-0.08694347
1942-11-01 00:00:00,-0.057510037
1942-12-01 00:00:00,-0.080070905
1943-01-01 00:00:00,-0.18267323
1943-02-01 00:00:00,-0.03061434
1943-03-01 00:00:00,-0.16772735
1943-04-01 00:00:00,0.022969417
1943-05-01 00:00:00,0.03550913
1943-06-01 00:00:00,-0.07487101
1943-07-01 00:00:00,0.018335527
1943-08-01 00:00:00,0.031610876
1943-09-01 00:00:00,-0.013441508
1943-10-01 00:00:00,0.2277136
1943-11-01 00:00:00,0.10388872
1943-12-01 00:00:00,0.10626907
1944-01-01 00:00:00,0.31816214
1944-02-01 00:00:00,0.11862034
1944-03-01 00:00:00,0.12006746
1944-04-01 00:00:00,0.04225588
1944-05-01 00:00:00,0.119925626
1944-06-01 00:00:00,0.10735916
1944-07-01 00:00:00,0.14871696
1944-08-01 00:00:00,0.20666182
1944-09-01 00:00:00,0.16769068
1944-10-01 00:00:00,0.20805594
1944-11-01 00:00:00,0.08847658
1944-12-01 00:00:00,0.083269
1945-01-01 00:00:00,0.09508047
1945-02-01 00:00:00,0.04839935
1945-03-01 00:00:00,0.03865824
1945-04-01 00:00:00,0.20985286
1945-05-01 00:00:00,-0.061685707
1945-06-01 00:00:00,-0.03652022
1945-07-01 00:00:00,0.00042324737
1945-08-01 00:00:00,0.2362124
1945-09-01 00:00:00,0.1028386
1945-10-01 00:00:00,0.094233386
1945-11-01 00:00:00,-0.010639086
1945-12-01 00:00:00,-0.19979319
1946-01-01 00:00:00,0.046495322
1946-02-01 00:00:00,-0.11574643
1946-03-01 00:00:00,-0.1215551
1946-04-01 00:00:00,-0.001070216
1946-05-01 00:00:00,-0.082718804
1946-06-01 00:00:00,-0.27002892
1946-07-01 00:00:00,-0.109389625
1946-08-01 00:00:00,-0.15412526
1946-09-01 00:00:00,-0.09819822
1946-10-01 00:00:00,-0.06812635
1946-11-01 00:00:00,-0.10808773
1946-12-01 00:00:00,-0.34320223
1947-01-01 00:00:00,-0.15051101
1947-02-01 00:00:00,-0.14106397
1947-03-01 00:00:00,-0.07618291
1947-04-01 00:00:00,-0.054869834
1947-05-01 00:00:00,-0.07080105
1947-06-01 00:00:00,-0.092732966
1947-07-01 00:00:00,-0.06481824
1947-08-01 00:00:00,-0.11288264
1947-09-01 00:00:00,-0.16043018
1947-10-01 00:00:00,0.033811674
1947-11-01 00:00:00,0.02912334
1947-12-01 00:00:00,-0.23310879
1948-01-01 00:00:00,-0.01899665
1948-02-01 00:00:00,-0.23857601
1948-03-01 00:00:00,-0.28302348
1948-04-01 00:00:00,-0.114602394
1948-05-01 00:00:00,0.057578247
1948-06-01 00:00:00,-0.008215971
1948-07-01 00:00:00,-0.12959683
1948-08-01 00:00:00,-0.047574744
1948-09-01 00:00:00,-0.13380374
1948-10-01 00:00:00,-0.05680375
1948-11-01 00:00:00,-0.17333214
1948-12-01 00:00:00,-0.3489878
1949-01-01 00:00:00,-0.018578093
1949-02-01 00:00:00,-0.24225992
1949-03-01 00:00:00,-0.10957818
1949-04-01 00:00:00,-0.14671299
1949-05-01 00:00:00,-0.11125475
1949-06-01 00:00:00,-0.23316567
1949-07-01 00:00:00,-0.18007946
1949-08-01 00:00:00,-0.07750365
1949-09-01 00:00:00,-0.123270296
1949-10-01 00:00:00,-0.08973549
1949-11-01 00:00:00,-0.1810419
1949-12-01 00:00:00,-0.21244651
1950-01-01 00:00:00,-0.30004355
1950-02-01 00:00:00,-0.37003636
1950-03-01 00:00:00,-0.21643834
1950-04-01 00:00:00,-0.24361573
1950-05-01 00:00:00,-0.13729778
1950-06-01 00:00:00,-0.105043374
1950-07-01 00:00:00,-0.10670231
1950-08-01 00:00:00,-0.15261763
1950-09-01 00:00:00,-0.24503586
1950-10-01 00:00:00,-0.20104446
1950-11-01 00:00:00,-0.38081577
1950-12-01 00:00:00,-0.26077038
1951-01-01 00:00:00,-0.36034262
1951-02-01 00:00:00,-0.5093785
1951-03-01 00:00:00,-0.2620192
1951-04-01 00:00:00,-0.1080777
1951-05-01 00:00:00,0.032269213
1951-06-01 00:00:00,0.060181145
1951-07-01 00:00:00,0.03866412
1951-08-01 00:00:00,0.12133113
1951-09-01 00:00:00,0.13226272
1951-10-01 00:00:00,0.12436143
1951-11-01 00:00:00,-0.07229671
1951-12-01 00:00:00,0.0691973
1952-01-01 00:00:00,0.09402644
1952-02-01 00:00:00,0.068350874
1952-03-01 00:00:00,-0.16353902
1952-04-01 00:00:00,0.04558809
1952-05-01 00:00:00,0.022243695
1952-06-01 00:00:00,0.023484357
1952-07-01 00:00:00,0.09006012
1952-08-01 00:00:00,0.096942395
1952-09-01 00:00:00,0.09621102
1952-10-01 00:00:00,-0.016534438
1952-11-01 00:00:00,-0.13228506
1952-12-01 00:00:00,-0.04029371
1953-01-01 00:00:00,-0.009005178
1953-02-01 00:00:00,0.09501191
1953-03-01 00:00:00,0.018006958
1953-04-01 00:00:00,0.22455436
1953-05-01 00:00:00,0.14901619
1953-06-01 00:00:00,0.1404282
1953-07-01 00:00:00,0.043144584
1953-08-01 00:00:00,0.08707856
1953-09-01 00:00:00,0.08630111
1953-10-01 00:00:00,0.08342033
1953-11-01 00:00:00,-0.0058099576
1953-12-01 00:00:00,0.01942187
1954-01-01 00:00:00,-0.2434586
1954-02-01 00:00:00,-0.089074455
1954-03-01 00:00:00,-0.18339783
1954-04-01 00:00:00,-0.11477188
1954-05-01 00:00:00,-0.17059736
1954-06-01 00:00:00,-0.1296339
1954-07-01 00:00:00,-0.19616233
1954-08-01 00:00:00,-0.10182279
1954-09-01 00:00:00,-0.11330111
1954-10-01 00:00:00,-0.011538466
1954-11-01 00:00:00,0.11638409
1954-12-01 00:00:00,-0.16362791
1955-01-01 00:00:00,0.10597788
1955-02-01 00:00:00,-0.19271314
1955-03-01 00:00:00,-0.3963696
1955-04-01 00:00:00,-0.22909744
1955-05-01 00:00:00,-0.23882908
1955-06-01 00:00:00,-0.17836486
1955-07-01 00:00:00,-0.20829603
1955-08-01 00:00:00,-0.08842416
1955-09-01 00:00:00,-0.14314792
1955-10-01 00:00:00,-0.11328784
1955-11-01 00:00:00,-0.32083783
1955-12-01 00:00:00,-0.36432907
1956-01-01 00:00:00,-0.2403825
1956-02-01 00:00:00,-0.28243503
1956-03-01 00:00:00,-0.35645252
1956-04-01 00:00:00,-0.30645922
1956-05-01 00:00:00,-0.33606264
1956-06-01 00:00:00,-0.22652255
1956-07-01 00:00:00,-0.2106352
1956-08-01 00:00:00,-0.28964865
1956-09-01 00:00:00,-0.2734754
1956-10-01 00:00:00,-0.26315844
1956-11-01 00:00:00,-0.21516415
1956-12-01 00:00:00,-0.1575909
1957-01-01 00:00:00,-0.22153524
1957-02-01 00:00:00,-0.15856388
1957-03-01 00:00:00,-0.1975386
1957-04-01 00:00:00,-0.041761864
1957-05-01 00:00:00,0.03177997
1957-06-01 00:00:00,0.06454678
1957-07-01 00:00:00,-0.06267592
1957-08-01 00:00:00,0.07285775
1957-09-01 00:00:00,0.041351955
1957-10-01 00:00:00,-0.0007920379
1957-11-01 00:00:00,-0.00397586
1957-12-01 00:00:00,0.05228784
1958-01-01 00:00:00,0.25472188
1958-02-01 00:00:00,0.09280772
1958-03-01 00:00:00,0.0052554575
1958-04-01 00:00:00,-0.06950849
1958-05-01 00:00:00,0.016476592
1958-06-01 00:00:00,-0.15305896
1958-07-01 00:00:00,-0.020030653
1958-08-01 00:00:00,-0.083085604
1958-09-01 00:00:00,-0.11479923
1958-10-01 00:00:00,-0.019471264
1958-11-01 00:00:00,-0.038575903
1958-12-01 00:00:00,-0.08232217
1959-01-01 00:00:00,0.013691866
1959-02-01 00:00:00,-0.005084035
1959-03-01 00:00:00,0.016677765
1959-04-01 00:00:00,0.026267799
1959-05-01 00:00:00,-0.03853143
1959-06-01 00:00:00,-0.0018165166
1959-07-01 00:00:00,-0.043648165
1959-08-01 00:00:00,-0.041345503
1959-09-01 00:00:00,-0.14124896
1959-10-01 00:00:00,-0.071337834
1959-11-01 00:00:00,-0.18634169
1959-12-01 00:00:00,-0.10334121
1960-01-01 00:00:00,-0.11465857
1960-02-01 00:00:00,0.02281142
1960-03-01 00:00:00,-0.44688365
1960-04-01 00:00:00,-0.26193932
1960-05-01 00:00:00,-0.17928644
1960-06-01 00:00:00,-0.1261228
1960-07-01 00:00:00,-0.11407162
1960-08-01 00:00:00,-0.006310927
1960-09-01 00:00:00,0.0032144422
1960-10-01 00:00:00,-0.031158555
1960-11-01 00:00:00,-0.21504581
1960-12-01 00:00:00,0.0836075
1961-01-01 00:00:00,-0.052229382
1961-02-01 00:00:00,0.09082804
1961-03-01 00:00:00,-0.0616479
1961-04-01 00:00:00,0.06100269
1961-05-01 00:00:00,0.067880936
1961-06-01 00:00:00,0.08760505
1961-07-01 00:00:00,-0.03974989
1961-08-01 00:00:00,-0.016852155
1961-09-01 00:00:00,-0.030176053
1961-10-01 00:00:00,-0.06376159
1961-11-01 00:00:00,-0.031068904
1961-12-01 00:00:00,-0.25179952
1962-01-01 00:00:00,-0.05704969
1962-02-01 00:00:00,0.012157755
1962-03-01 00:00:00,0.018748457
1962-04-01 00:00:00,-0.026072158
1962-05-01 00:00:00,-0.18164511
1962-06-01 00:00:00,-0.056267038
1962-07-01 00:00:00,-0.10915736
1962-08-01 00:00:00,-0.10973202
1962-09-01 00:00:00,-0.07493823
1962-10-01 00:00:00,-0.038202044
1962-11-01 00:00:00,-0.020875225
1962-12-01 00:00:00,-0.12562062
1963-01-01 00:00:00,-0.121948205
1963-02-01 00:00:00,0.040044732
1963-03-01 00:00:00,-0.3409997
1963-04-01 00:00:00,-0.17912978
1963-05-01 00:00:00,-0.1466549
1963-06-01 00:00:00,-0.06680599
1963-07-01 00:00:00,0.05953688
1963-08-01 00:00:00,0.14581573
1963-09-01 00:00:00,0.12205969
1963-10-01 00:00:00,0.06423311
1963-11-01 00:00:00,0.04470364
1963-12-01 00:00:00,-0.062525906
1964-01-01 00:00:00,-0.19452871
1964-02-01 00:00:00,-0.22300385
1964-03-01 00:00:00,-0.38280848
1964-04-01 00:00:00,-0.44159797
1964-05-01 00:00:00,-0.37424895
1964-06-01 00:00:00,-0.16659828
1964-07-01 00:00:00,-0.20062846
1964-08-01 00:00:00,-0.30053315
1964-09-01 00:00:00,-0.4045793
1964-10-01 00:00:00,-0.3114203
1964-11-01 00:00:00,-0.2988282
1964-12-01 00:00:00,-0.3716253
1965-01-01 00:00:00,-0.16228765
1965-02-01 00:00:00,-0.26308617
1965-03-01 00:00:00,-0.2597472
1965-04-01 00:00:00,-0.29863888
1965-05-01 00:00:00,-0.19161598
1965-06-01 00:00:00,-0.20754607
1965-07-01 00:00:00,-0.26655743
1965-08-01 00:00:00,-0.1619956
1965-09-01 00:00:00,-0.24531643
1965-10-01 00:00:00,-0.10577728
1965-11-01 00:00:00,-0.1437657
1965-12-01 00:00:00,-0.14632036
1966-01-01 00:00:00,-0.28320545
1966-02-01 00:00:00,-0.16757779
1966-03-01 00:00:00,-0.1708448
1966-04-01 00:00:00,-0.17045191
1966-05-01 00:00:00,-0.21843779
1966-06-01 00:00:00,-0.10499999
1966-07-01 00:00:00,0.0030392085
1966-08-01 00:00:00,-0.10166964
1966-09-01 00:00:00,-0.08658218
1966-10-01 00:00:00,-0.23768093
1966-11-01 00:00:00,-0.10768294
1966-12-01 00:00:00,-0.14052084
1967-01-01 00:00:00,-0.21960148
1967-02-01 00:00:00,-0.32817873
1967-03-01 00:00:00,-0.09374347
1967-04-01 00:00:00,-0.13242696
1967-05-01 00:00:00,0.057162356
1967-06-01 00:00:00,-0.108169004
1967-07-01 00:00:00,-0.067892365
1967-08-01 00:00:00,-0.099165745
1967-09-01 00:00:00,-0.12451488
1967-10-01 00:00:00,-0.020286117
1967-11-01 00:00:00,-0.119650505
1967-12-01 00:00:00,-0.1537288
1968-01-01 00:00:00,-0.32466504
1968-02-01 00:00:00,-0.26771057
1968-03-01 00:00:00,-0.003727732
1968-04-01 00:00:00,-0.18043014
1968-05-01 00:00:00,-0.22587559
1968-06-01 00:00:00,-0.15176927
1968-07-01 00:00:00,-0.19500259
1968-08-01 00:00:00,-0.12997681
1968-09-01 00:00:00,-0.22645247
1968-10-01 00:00:00,0.008175721
1968-11-01 00:00:00,-0.13496026
1968-12-01 00:00:00,-0.1911928
1969-01-01 00:00:00,-0.16237703
1969-02-01 00:00:00,-0.1970934
1969-03-01 00:00:00,-0.13277553
1969-04-01 00:00:00,0.049255937
1969-05-01 00:00:00,0.06528902
1969-06-01 00:00:00,0.0056816083
1969-07-01 00:00:00,-0.1091712
1969-08-01 00:00:00,-0.07289227
1969-09-01 00:00:00,-0.013110088
1969-10-01 00:00:00,0.00090877194
1969-11-01 00:00:00,0.023137517
1969-12-01 00:00:00,0.16674611
1970-01-01 00:00:00,0.014005779
1970-02-01 00:00:00,0.063759334
1970-03-01 00:00:00,-0.08814179
1970-04-01 00:00:00,-0.07942118
1970-05-01 00:00:00,-0.14084856
1970-06-01 00:00:00,-0.1370101
1970-07-01 00:00:00,-0.11218003
1970-08-01 00:00:00,-0.1992122
1970-09-01 00:00:00,-0.030715683
1970-10-01 00:00:00,-0.06031036
1970-11-01 00:00:00,-0.058197107
1970-12-01 00:00:00,-0.1930069
1971-01-01 00:00:00,-0.14365958
1971-02-01 00:00:00,-0.2726155
1971-03-01 00:00:00,-0.33664557
1971-04-01 00:00:00,-0.23293439
1971-05-01 00:00:00,-0.1979984
1971-06-01 00:00:00,-0.2552373
1971-07-01 00:00:00,-0.18479517
1971-08-01 00:00:00,-0.1812137
1971-09-01 00:00:00,-0.12637776
1971-10-01 00:00:00,-0.15617602
1971-11-01 00:00:00,-0.15279908
1971-12-01 00:00:00,-0.23074044
1972-01-01 00:00:00,-0.37904298
1972-02-01 00:00:00,-0.2778282
1972-03-01 00:00:00,-0.14302962
1972-04-01 00:00:00,-0.12759815
1972-05-01 00:00:00,-0.082474515
1972-06-01 00:00:00,-0.031909496
1972-07-01 00:00:00,-0.09311811
1972-08-01 00:00:00,0.061222523
1972-09-01 00:00:00,-0.052398738
1972-10-01 00:00:00,-0.056839254
1972-11-01 00:00:00,-0.051805325
1972-12-01 00:00:00,0.10889668
1973-01-01 00:00:00,0.100870065
1973-02-01 00:00:00,0.15933001
1973-03-01 00:00:00,0.11498204
1973-04-01 00:00:00,0.19915819
1973-05-01 00:00:00,0.10814754
1973-06-01 00:00:00,0.106045224
1973-07-01 00:00:00,0.01621605
1973-08-01 00:00:00,-0.027661854
1973-09-01 00:00:00,-0.035152175
1973-10-01 00:00:00,0.0108220205
1973-11-01 00:00:00,-0.025164139
1973-12-01 00:00:00,-0.1283927
1974-01-01 00:00:00,-0.28239968
1974-02-01 00:00:00,-0.4465835
1974-03-01 00:00:00,-0.23716211
1974-04-01 00:00:00,-0.20168932
1974-05-01 00:00:00,-0.1265853
1974-06-01 00:00:00,-0.11528032
1974-07-01 00:00:00,-0.13573898
1974-08-01 00:00:00,0.023082737
1974-09-01 00:00:00,-0.09269041
1974-10-01 00:00:00,-0.11529485
1974-11-01 00:00:00,-0.12621354
1974-12-01 00:00:00,-0.21389274
1975-01-01 00:00:00,-0.0966292
1975-02-01 00:00:00,-0.020880949
1975-03-01 00:00:00,-0.01112924
1975-04-01 00:00:00,-0.051968537
1975-05-01 00:00:00,0.053007245
1975-06-01 00:00:00,-0.060783383
1975-07-01 00:00:00,-0.10466969
1975-08-01 00:00:00,-0.23242185
1975-09-01 00:00:00,-0.139501
1975-10-01 00:00:00,-0.15371256
1975-11-01 00:00:00,-0.26358986
1975-12-01 00:00:00,-0.24677186
1976-01-01 00:00:00,-0.16959351
1976-02-01 00:00:00,-0.23186125
1976-03-01 00:00:00,-0.33692366
1976-04-01 00:00:00,-0.18590008
1976-05-01 00:00:00,-0.35880587
1976-06-01 00:00:00,-0.23977908
1976-07-01 00:00:00,-0.17275204
1976-08-01 00:00:00,-0.24235126
1976-09-01 00:00:00,-0.15119453
1976-10-01 00:00:00,-0.3322862
1976-11-01 00:00:00,-0.13943368
1976-12-01 00:00:00,-0.02945889
1977-01-01 00:00:00,0.15336634
1977-02-01 00:00:00,0.10381479
1977-03-01 00:00:00,0.07475545
1977-04-01 00:00:00,0.13446581
1977-05-01 00:00:00,0.22771347
1977-06-01 00:00:00,0.20780508
1977-07-01 00:00:00,0.14251913
1977-08-01 00:00:00,0.1298329
1977-09-01 00:00:00,-0.0019903248
1977-10-01 00:00:00,-0.01617223
1977-11-01 00:00:00,0.12106576
1977-12-01 00:00:00,-0.04011389
1978-01-01 00:00:00,0.036995538
1978-02-01 00:00:00,0.07385509
1978-03-01 00:00:00,0.059285987
1978-04-01 00:00:00,0.053218562
1978-05-01 00:00:00,0.0115159005
1978-06-01 00:00:00,-0.055066437
1978-07-01 00:00:00,0.016265042
1978-08-01 00:00:00,-0.2168574
1978-09-01 00:00:00,0.04174579
1978-10-01 00:00:00,-0.059895515
1978-11-01 00:00:00,0.091779426
1978-12-01 00:00:00,0.010227291
1979-01-01 00:00:00,0.0516812
1979-02-01 00:00:00,-0.17951806
1979-03-01 00:00:00,0.06694152
1979-04-01 00:00:00,0.07699999
1979-05-01 00:00:00,-0.022435743
1979-06-01 00:00:00,0.050191652
1979-07-01 00:00:00,0.018005762
1979-08-01 00:00:00,0.114524774
1979-09-01 00:00:00,0.17285156
1979-10-01 00:00:00,0.14730756
1979-11-01 00:00:00,0.20778532
1979-12-01 00:00:00,0.38596204
1980-01-01 00:00:00,0.2527261
1980-02-01 00:00:00,0.3607043
1980-03-01 00:00:00,0.21667273
1980-04-01 00:00:00,0.23393515
1980-05-01 00:00:00,0.2456877
1980-06-01 00:00:00,0.13180715
1980-07-01 00:00:00,0.20636384
1980-08-01 00:00:00,0.16441017
1980-09-01 00:00:00,0.123579785
1980-10-01 00:00:00,0.097044446
1980-11-01 00:00:00,0.20625903
1980-12-01 00:00:00,0.113674425
1981-01-01 00:00:00,0.44390386
1981-02-01 00:00:00,0.33654687
1981-03-01 00:00:00,0.33077422
1981-04-01 00:00:00,0.19894964
1981-05-01 00:00:00,0.14773263
1981-06-01 00:00:00,0.24469398
1981-07-01 00:00:00,0.26434663
1981-08-01 00:00:00,0.31205258
1981-09-01 00:00:00,0.1367701
1981-10-01 00:00:00,0.05529363
1981-11-01 00:00:00,0.16566867
1981-12-01 00:00:00,0.3634116
1982-01-01 00:00:00,-0.024068523
1982-02-01 00:00:00,0.06821714
1982-03-01 00:00:00,-0.13698223
1982-04-01 00:00:00,0.020402594
1982-05-01 00:00:00,0.09071928
1982-06-01 00:00:00,-0.0013139228
1982-07-01 00:00:00,0.075844936
1982-08-01 00:00:00,-0.045588225
1982-09-01 00:00:00,0.016534334
1982-10-01 00:00:00,0.041061886
1982-11-01 00:00:00,0.029048067
1982-12-01 00:00:00,0.27728456
1983-01-01 00:00:00,0.3584244
1983-02-01 00:00:00,0.33635557
1983-03-01 00:00:00,0.24756545
1983-04-01 00:00:00,0.17535253
1983-05-01 00:00:00,0.22204514
1983-06-01 00:00:00,0.16691586
1983-07-01 00:00:00,0.114927486
1983-08-01 00:00:00,0.28377086
1983-09-01 00:00:00,0.3260587
1983-10-01 00:00:00,0.113148384
1983-11-01 00:00:00,0.24547733
1983-12-01 00:00:00,0.096021675
1984-01-01 00:00:00,0.15764055
1984-02-01 00:00:00,0.02001983
1984-03-01 00:00:00,0.14398187
1984-04-01 00:00:00,0.010137831
1984-05-01 00:00:00,0.21433139
1984-06-01 00:00:00,-0.038575307
1984-07-01 00:00:00,0.024865314
1984-08-01 00:00:00,0.08923666
1984-09-01 00:00:00,0.12719487
1984-10-01 00:00:00,0.040902097
1984-11-01 00:00:00,-0.05765004
1984-12-01 00:00:00,-0.15602855
1985-01-01 00:00:00,0.1155558
1985-02-01 00:00:00,-0.104183674
1985-03-01 00:00:00,0.04271185
1985-04-01 00:00:00,0.0028204513
1985-05-01 00:00:00,0.067987494
1985-06-01 00:00:00,0.12117828
1985-07-01 00:00:00,-0.022891713
1985-08-01 00:00:00,0.1431363
1985-09-01 00:00:00,0.11767927
1985-10-01 00:00:00,0.039328277
1985-11-01 00:00:00,0.018120727
1985-12-01 00:00:00,0.05531433
1986-01-01 00:00:00,0.11670128
1986-02-01 00:00:00,0.3093589
1986-03-01 00:00:00,0.13820964
1986-04-01 00:00:00,0.13485684
1986-05-01 00:00:00,0.13101041
1986-06-01 00:00:00,0.039869342
1986-07-01 00:00:00,0.042954296
1986-08-01 00:00:00,0.08790163
1986-09-01 00:00:00,0.024142634
1986-10-01 00:00:00,0.051004555
1986-11-01 00:00:00,0.04011416
1986-12-01 00:00:00,0.03212002
1987-01-01 00:00:00,0.22004549
1987-02-01 00:00:00,0.31599578
1987-03-01 00:00:00,0.104251325
1987-04-01 00:00:00,0.1889307
1987-05-01 00:00:00,0.16939573
1987-06-01 00:00:00,0.26585034
1987-07-01 00:00:00,0.34769198
1987-08-01 00:00:00,0.21050136
1987-09-01 00:00:00,0.26593548
1987-10-01 00:00:00,0.26956236
1987-11-01 00:00:00,0.18613108
1987-12-01 00:00:00,0.37202516
1988-01-01 00:00:00,0.45912874
1988-02-01 00:00:00,0.33302152
1988-03-01 00:00:00,0.38519633
1988-04-01 00:00:00,0.32767174
1988-05-01 00:00:00,0.31933275
1988-06-01 00:00:00,0.33036658
1988-07-01 00:00:00,0.2556859
1988-08-01 00:00:00,0.25767827
1988-09-01 00:00:00,0.25825685
1988-10-01 00:00:00,0.254709
1988-11-01 00:00:00,0.028571693
1988-12-01 00:00:00,0.17620139
1989-01-01 00:00:00,-0.026005011
1989-02-01 00:00:00,0.23738506
1989-03-01 00:00:00,0.18512788
1989-04-01 00:00:00,0.14958581
1989-05-01 00:00:00,0.038256668
1989-06-01 00:00:00,0.09383323
1989-07-01 00:00:00,0.26380813
1989-08-01 00:00:00,0.25223345
1989-09-01 00:00:00,0.29773393
1989-10-01 00:00:00,0.26001906
1989-11-01 00:00:00,0.11531052
1989-12-01 00:00:00,0.2837144
1990-01-01 00:00:00,0.28277373
1990-02-01 00:00:00,0.27884814
1990-03-01 00:00:00,0.6347864
1990-04-01 00:00:00,0.4940245
1990-05-01 00:00:00,0.40596974
1990-06-01 00:00:00,0.3151888
1990-07-01 00:00:00,0.3796524
1990-08-01 00:00:00,0.28095096
1990-09-01 00:00:00,0.22031836
1990-10-01 00:00:00,0.38645974
1990-11-01 00:00:00,0.35899177
1990-12-01 00:00:00,0.28878504
1991-01-01 00:00:00,0.30340114
1991-02-01 00:00:00,0.4070458
1991-03-01 00:00:00,0.24740836
1991-04-01 00:00:00,0.43600866
1991-05-01 00:00:00,0.31398752
1991-06-01 00:00:00,0.4334769
1991-07-01 00:00:00,0.46741664
1991-08-01 00:00:00,0.3620418
1991-09-01 00:00:00,0.35283542
1991-10-01 00:00:00,0.25118244
1991-11-01 00:00:00,0.25364134
1991-12-01 00:00:00,0.23831235
1992-01-01 00:00:00,0.36292845
1992-02-01 00:00:00,0.34844932
1992-03-01 00:00:00,0.30922496
1992-04-01 00:00:00,0.16185239
1992-05-01 00:00:00,0.16797747
1992-06-01 00:00:00,0.15643431
1992-07-01 00:00:00,0.005340144
1992-08-01 00:00:00,0.03774724
1992-09-01 00:00:00,-0.08989003
1992-10-01 00:00:00,-0.022682328
1992-11-01 00:00:00,-0.03733942
1992-12-01 00:00:00,0.09871902
1993-01-01 00:00:00,0.26102662
1993-02-01 00:00:00,0.28333446
1993-03-01 00:00:00,0.23608007
1993-04-01 00:00:00,0.19514883
1993-05-01 00:00:00,0.19503304
1993-06-01 00:00:00,0.16445984
1993-07-01 00:00:00,0.15863112
1993-08-01 00:00:00,0.08418279
1993-09-01 00:00:00,0.045521
1993-10-01 00:00:00,0.15051654
1993-11-01 00:00:00,0.06566895
1993-12-01 00:00:00,0.14829831
1994-01-01 00:00:00,0.20031649
1994-02-01 00:00:00,0.014015401
1994-03-01 00:00:00,0.23547028
1994-04-01 00:00:00,0.25558206
1994-05-01 00:00:00,0.20769499
1994-06-01 00:00:00,0.31435218
1994-07-01 00:00:00,0.18217762
1994-08-01 00:00:00,0.1732785
1994-09-01 00:00:00,0.2722316
1994-10-01 00:00:00,0.34696406
1994-11-01 00:00:00,0.3531186
1994-12-01 00:00:00,0.24739546
1995-01-01 00:00:00,0.41360325
1995-02-01 00:00:00,0.6401344
1995-03-01 00:00:00,0.3564086
1995-04-01 00:00:00,0.42731214
1995-05-01 00:00:00,0.26464352
1995-06-01 00:00:00,0.37844238
1995-07-01 00:00:00,0.44184983
1995-08-01 00:00:00,0.391613
1995-09-01 00:00:00,0.27957153
1995-10-01 00:00:00,0.37940124
1995-11-01 00:00:00,0.37539726
1995-12-01 00:00:00,0.1740167
1996-01-01 00:00:00,0.21639675
1996-02-01 00:00:00,0.46155688
1996-03-01 00:00:00,0.2883724
1996-04-01 00:00:00,0.25163049
1996-05-01 00:00:00,0.23714963
1996-06-01 00:00:00,0.21651414
1996-07-01 00:00:00,0.3253906
1996-08-01 00:00:00,0.35149437
1996-09-01 00:00:00,0.20457508
1996-10-01 00:00:00,0.12766548
1996-11-01 00:00:00,0.3162583
1996-12-01 00:00:00,0.32326886
1997-01-01 00:00:00,0.24903603
1997-02-01 00:00:00,0.30442297
1997-03-01 00:00:00,0.39708516
1997-04-01 00:00:00,0.3775284
1997-05-01 00:00:00,0.31710884
1997-06-01 00:00:00,0.49175587
1997-07-01 00:00:00,0.3461335
1997-08-01 00:00:00,0.40574697
1997-09-01 00:00:00,0.4674913
1997-10-01 00:00:00,0.5718022
1997-11-01 00:00:00,0.61571497
1997-12-01 00:00:00,0.52387595
1998-01-01 00:00:00,0.5629589
1998-02-01 00:00:00,0.7973742
1998-03-01 00:00:00,0.5894701
1998-04-01 00:00:00,0.65089357
1998-05-01 00:00:00,0.6390668
1998-06-01 00:00:00,0.6679476
1998-07-01 00:00:00,0.65909415
1998-08-01 00:00:00,0.6453173
1998-09-01 00:00:00,0.43478084
1998-10-01 00:00:00,0.41109028
1998-11-01 00:00:00,0.38224158
1998-12-01 00:00:00,0.48756245
1999-01-01 00:00:00,0.3872738
1999-02-01 00:00:00,0.60396034
1999-03-01 00:00:00,0.26383877
1999-04-01 00:00:00,0.26947576
1999-05-01 00:00:00,0.2477816
1999-06-01 00:00:00,0.32476822
1999-07-01 00:00:00,0.3104075
1999-08-01 00:00:00,0.3025803
1999-09-01 00:00:00,0.27602673
1999-10-01 00:00:00,0.30699936
1999-11-01 00:00:00,0.28691775
1999-12-01 00:00:00,0.3137894
2000-01-01 00:00:00,0.18133692
2000-02-01 00:00:00,0.49915195
2000-03-01 00:00:00,0.44504288
2000-04-01 00:00:00,0.5384154
2000-05-01 00:00:00,0.30583385
2000-06-01 00:00:00,0.3502256
2000-07-01 00:00:00,0.32576227
2000-08-01 00:00:00,0.3747202
2000-09-01 00:00:00,0.3107709
2000-10-01 00:00:00,0.19478564
2000-11-01 00:00:00,0.24529691
2000-12-01 00:00:00,0.20167494
2001-01-01 00:00:00,0.36417356
2001-02-01 00:00:00,0.3918914
2001-03-01 00:00:00,0.5204522
2001-04-01 00:00:00,0.45251647
2001-05-01 00:00:00,0.48934218
2001-06-01 00:00:00,0.44591305
2001-07-01 00:00:00,0.50912946
2001-08-01 00:00:00,0.5074936
2001-09-01 00:00:00,0.49257064
2001-10-01 00:00:00,0.46419922
2001-11-01 00:00:00,0.69211686
2001-12-01 00:00:00,0.54156566
2002-01-01 00:00:00,0.6473876
2002-02-01 00:00:00,0.6426373
2002-03-01 00:00:00,0.79940027
2002-04-01 00:00:00,0.56820655
2002-05-01 00:00:00,0.502807
2002-06-01 00:00:00,0.4493149
2002-07-01 00:00:00,0.56947935
2002-08-01 00:00:00,0.4984804
2002-09-01 00:00:00,0.50192404
2002-10-01 00:00:00,0.50043756
2002-11-01 00:00:00,0.4944799
2002-12-01 00:00:00,0.34704304
2003-01-01 00:00:00,0.65388364
2003-02-01 00:00:00,0.48562348
2003-03-01 00:00:00,0.48364088
2003-04-01 00:00:00,0.47277164
2003-05-01 00:00:00,0.52228177
2003-06-01 00:00:00,0.42513415
2003-07-01 00:00:00,0.48383972
2003-08-01 00:00:00,0.6121032
2003-09-01 00:00:00,0.5746869
2003-10-01 00:00:00,0.65677655
2003-11-01 00:00:00,0.4990721
2003-12-01 00:00:00,0.66022813
2004-01-01 00:00:00,0.5089659
2004-02-01 00:00:00,0.634869
2004-03-01 00:00:00,0.52825564
2004-04-01 00:00:00,0.52279246
2004-05-01 00:00:00,0.35092646
2004-06-01 00:00:00,0.31097007
2004-07-01 00:00:00,0.23719142
2004-08-01 00:00:00,0.45830214
2004-09-01 00:00:00,0.46726716
2004-10-01 00:00:00,0.52292866
2004-11-01 00:00:00,0.6510514
2004-12-01 00:00:00,0.41492838
2005-01-01 00:00:00,0.6500713
2005-02-01 00:00:00,0.5338277
2005-03-01 00:00:00,0.6459099
2005-04-01 00:00:00,0.63165
2005-05-01 00:00:00,0.553209
2005-06-01 00:00:00,0.5688213
2005-07-01 00:00:00,0.55488116
2005-08-01 00:00:00,0.58098936
2005-09-01 00:00:00,0.6340549
2005-10-01 00:00:00,0.68443674
2005-11-01 00:00:00,0.6432208
2005-12-01 00:00:00,0.6012786
2006-01-01 00:00:00,0.4999044
2006-02-01 00:00:00,0.6455559
2006-03-01 00:00:00,0.543684
2006-04-01 00:00:00,0.48621997
2006-05-01 00:00:00,0.47178116
2006-06-01 00:00:00,0.57188183
2006-07-01 00:00:00,0.4763779
2006-08-01 00:00:00,0.6333706
2006-09-01 00:00:00,0.5499711
2006-10-01 00:00:00,0.6137471
2006-11-01 00:00:00,0.66086054
2006-12-01 00:00:00,0.7172778
2007-01-01 00:00:00,0.8930489
2007-02-01 00:00:00,0.63967174
2007-03-01 00:00:00,0.59194857
2007-04-01 00:00:00,0.7261497
2007-05-01 00:00:00,0.58012205
2007-06-01 00:00:00,0.5006901
2007-07-01 00:00:00,0.5630122
2007-08-01 00:00:00,0.5837867
2007-09-01 00:00:00,0.5083473
2007-10-01 00:00:00,0.5590798
2007-11-01 00:00:00,0.5355275
2007-12-01 00:00:00,0.41903135
2008-01-01 00:00:00,0.21021158
2008-02-01 00:00:00,0.2693002
2008-03-01 00:00:00,0.6136748
2008-04-01 00:00:00,0.44805115
2008-05-01 00:00:00,0.43248925
2008-06-01 00:00:00,0.38399753
2008-07-01 00:00:00,0.5340773
2008-08-01 00:00:00,0.45276764
2008-09-01 00:00:00,0.5480162
2008-10-01 00:00:00,0.5909558
2008-11-01 00:00:00,0.63220257
2008-12-01 00:00:00,0.4720541
2009-01-01 00:00:00,0.59029907
2009-02-01 00:00:00,0.47127843
2009-03-01 00:00:00,0.446841
2009-04-01 00:00:00,0.528052
2009-05-01 00:00:00,0.5503384
2009-06-01 00:00:00,0.6234883
2009-07-01 00:00:00,0.68074554
2009-08-01 00:00:00,0.6221325
2009-09-01 00:00:00,0.68177086
2009-10-01 00:00:00,0.6202136
2009-11-01 00:00:00,0.7060583
2009-12-01 00:00:00,0.64016175
2010-01-01 00:00:00,0.7106075
2010-02-01 00:00:00,0.7901331
2010-03-01 00:00:00,0.8602274
2010-04-01 00:00:00,0.83354694
2010-05-01 00:00:00,0.71491516
2010-06-01 00:00:00,0.6450033
2010-07-01 00:00:00,0.61741793
2010-08-01 00:00:00,0.6146318
2010-09-01 00:00:00,0.5642509
2010-10-01 00:00:00,0.64213544
2010-11-01 00:00:00,0.73456544
2010-12-01 00:00:00,0.4370223
2011-01-01 00:00:00,0.45676905
2011-02-01 00:00:00,0.42912033
2011-03-01 00:00:00,0.5563974
2011-04-01 00:00:00,0.60221547
2011-05-01 00:00:00,0.44336236
2011-06-01 00:00:00,0.5482127
2011-07-01 00:00:00,0.64491206
2011-08-01 00:00:00,0.6510249
2011-09-01 00:00:00,0.53794116
2011-10-01 00:00:00,0.5763366
2011-11-01 00:00:00,0.5112523
2011-12-01 00:00:00,0.49482837
2012-01-01 00:00:00,0.3695542
2012-02-01 00:00:00,0.4647088
2012-03-01 00:00:00,0.4209961
2012-04-01 00:00:00,0.6105002
2012-05-01 00:00:00,0.6589486
2012-06-01 00:00:00,0.629351
2012-07-01 00:00:00,0.56779647
2012-08-01 00:00:00,0.6449439
2012-09-01 00:00:00,0.64759123
2012-10-01 00:00:00,0.7321626
2012-11-01 00:00:00,0.7210487
2012-12-01 00:00:00,0.4636831
2013-01-01 00:00:00,0.6078036
2013-02-01 00:00:00,0.52651656
2013-03-01 00:00:00,0.5829417
2013-04-01 00:00:00,0.57481265
2013-05-01 00:00:00,0.5568857
2013-06-01 00:00:00,0.6593197
2013-07-01 00:00:00,0.58917844
2013-08-01 00:00:00,0.6352067
2013-09-01 00:00:00,0.7221902
2013-10-01 00:00:00,0.6503963
2013-11-01 00:00:00,0.7700114
2013-12-01 00:00:00,0.60764134
2014-01-01 00:00:00,0.6695646
2014-02-01 00:00:00,0.49080652
2014-03-01 00:00:00,0.694528
2014-04-01 00:00:00,0.73631227
2014-05-01 00:00:00,0.73708785
2014-06-01 00:00:00,0.61747456
2014-07-01 00:00:00,0.5809606
2014-08-01 00:00:00,0.73377496
2014-09-01 00:00:00,0.756769
2014-10-01 00:00:00,0.7423641
2014-11-01 00:00:00,0.63000286
2014-12-01 00:00:00,0.6848145
2015-01-01 00:00:00,0.7400082
2015-02-01 00:00:00,0.78175026
2015-03-01 00:00:00,0.79528373
2015-04-01 00:00:00,0.70091575
2015-05-01 00:00:00,0.7309856
2015-06-01 00:00:00,0.7596305
2015-07-01 00:00:00,0.7145488
2015-08-01 00:00:00,0.7991504
2015-09-01 00:00:00,0.82609314
2015-10-01 00:00:00,1.0153373
2015-11-01 00:00:00,0.9959859
2015-12-01 00:00:00,1.0416831
2016-01-01 00:00:00,1.0877537
2016-02-01 00:00:00,1.2235882
2016-03-01 00:00:00,1.1820779
2016-04-01 00:00:00,1.0296463
2016-05-01 00:00:00,0.8804874
2016-06-01 00:00:00,0.77708083
2016-07-01 00:00:00,0.77772677
2016-08-01 00:00:00,0.94857633
2016-09-01 00:00:00,0.8455436
2016-10-01 00:00:00,0.81902903
2016-11-01 00:00:00,0.8444866
2016-12-01 00:00:00,0.77912897
2017-01-01 00:00:00,0.9519715
2017-02-01 00:00:00,1.0670907
2017-03-01 00:00:00,1.0645919
2017-04-01 00:00:00,0.84599763
2017-05-01 00:00:00,0.7798254
2017-06-01 00:00:00,0.6575456
2017-07-01 00:00:00,0.80458516
2017-08-01 00:00:00,0.81099087
2017-09-01 00:00:00,0.72930163
2017-10-01 00:00:00,0.80949205
2017-11-01 00:00:00,0.8058706
2017-12-01 00:00:00,0.8148281
2018-01-01 00:00:00,0.7106047
2018-02-01 00:00:00,0.7957914
2018-03-01 00:00:00,0.7900751
2018-04-01 00:00:00,0.8223178
2018-05-01 00:00:00,0.71316856
2018-06-01 00:00:00,0.7375257
2018-07-01 00:00:00,0.7334142
2018-08-01 00:00:00,0.73473924
2018-09-01 00:00:00,0.67586756
2018-10-01 00:00:00,0.8693208
2018-11-01 00:00:00,0.7447671
2018-12-01 00:00:00,0.8242562
2019-01-01 00:00:00,0.7995958
2019-02-01 00:00:00,0.8442263
2019-03-01 00:00:00,1.0757369
2019-04-01 00:00:00,0.93880504
2019-05-01 00:00:00,0.7776251
2019-06-01 00:00:00,0.80911994
2019-07-01 00:00:00,0.8571952
2019-08-01 00:00:00,0.85825413
2019-09-01 00:00:00,0.8026575
2019-10-01 00:00:00,0.9556284
2019-11-01 00:00:00,0.9372168
2019-12-01 00:00:00,1.0368102
