Time,Anomaly (deg C),Lower confidence limit (2.5%),Upper confidence limit (97.5%)
1901-01,-0.28059345,-0.43856356,-0.122623324
1901-02,-0.26819772,-0.42274347,-0.113651976
1901-03,-0.20081724,-0.36103362,-0.040600866
1901-04,-0.1753031,-0.35032505,-0.00028113974
1901-05,-0.24934465,-0.44425672,-0.05443258
1901-06,-0.23662645,-0.43364984,-0.039603047
1901-07,-0.3289457,-0.51798207,-0.13990928
1901-08,-0.2050631,-0.42178407,0.0116578685
1901-09,-0.35517338,-0.53581136,-0.1745354
1901-10,-0.3407429,-0.5152294,-0.16625641
1901-11,-0.39582872,-0.5590094,-0.23264809
1901-12,-0.48450628,-0.65788275,-0.3111298
1902-01,-0.43956748,-0.6000706,-0.27906436
1902-02,-0.23221202,-0.38552827,-0.078895785
1902-03,-0.47400042,-0.63162196,-0.31637895
1902-04,-0.4305058,-0.6007136,-0.260298
1902-05,-0.43023685,-0.6306319,-0.22984181
1902-06,-0.44518706,-0.6403324,-0.25004172
1902-07,-0.38915876,-0.56928974,-0.2090278
1902-08,-0.42510903,-0.63204134,-0.21817671
1902-09,-0.37280047,-0.5562161,-0.18938479
1902-10,-0.5005036,-0.67379946,-0.32720774
1902-11,-0.56261593,-0.72212607,-0.40310577
1902-12,-0.565914,-0.7425985,-0.38922948
1903-01,-0.4344225,-0.58624995,-0.282595
1903-02,-0.24027054,-0.38465306,-0.095888
1903-03,-0.39843398,-0.5441603,-0.25270766
1903-04,-0.58799607,-0.7538771,-0.42211506
1903-05,-0.5160877,-0.7040209,-0.3281545
1903-06,-0.5476815,-0.73070943,-0.3646535
1903-07,-0.5052094,-0.6767439,-0.33367482
1903-08,-0.60140806,-0.81704575,-0.3857704
1903-09,-0.55975336,-0.73646456,-0.38304216
1903-10,-0.66481555,-0.8263604,-0.50327075
1903-11,-0.62978834,-0.781631,-0.4779457
1903-12,-0.71404976,-0.8792802,-0.5488193
1904-01,-0.806605,-0.9617955,-0.6514145
1904-02,-0.769914,-0.92639124,-0.61343676
1904-03,-0.6964779,-0.8489669,-0.5439888
1904-04,-0.6468306,-0.81834394,-0.47531733
1904-05,-0.6093934,-0.7907733,-0.4280136
1904-06,-0.5641545,-0.7518275,-0.37648153
1904-07,-0.5530446,-0.72540253,-0.38068676
1904-08,-0.4784086,-0.68795663,-0.26886058
1904-09,-0.59661376,-0.78148705,-0.41174045
1904-10,-0.55304295,-0.72068864,-0.3853973
1904-11,-0.39660597,-0.5533854,-0.23982657
1904-12,-0.49964583,-0.6772394,-0.32205227
1905-01,-0.46341595,-0.6148158,-0.31201616
1905-02,-0.72016865,-0.8743835,-0.5659538
1905-03,-0.52405393,-0.6707999,-0.377308
1905-04,-0.5589943,-0.7221077,-0.3958809
1905-05,-0.43423653,-0.6155831,-0.25288996
1905-06,-0.34258264,-0.52910966,-0.15605558
1905-07,-0.37310305,-0.5452026,-0.20100348
1905-08,-0.30447677,-0.51597244,-0.09298106
1905-09,-0.34519514,-0.5172048,-0.17318553
1905-10,-0.3351493,-0.49376118,-0.17653738
1905-11,-0.21728525,-0.37075344,-0.06381706
1905-12,-0.27435452,-0.45295084,-0.09575821
1906-01,-0.29668435,-0.45274007,-0.14062859
1906-02,-0.3885811,-0.534501,-0.24266116
1906-03,-0.289529,-0.4427584,-0.1362996
1906-04,-0.10402012,-0.27304992,0.06500969
1906-05,-0.3765242,-0.55912966,-0.19391878
1906-06,-0.23253845,-0.4197746,-0.045302324
1906-07,-0.34295923,-0.52357775,-0.1623407
1906-08,-0.27118164,-0.48389447,-0.05846878
1906-09,-0.35302594,-0.5320011,-0.17405081
1906-10,-0.32229662,-0.47954115,-0.16505207
1906-11,-0.53179437,-0.68340665,-0.38018218
1906-12,-0.32053673,-0.48989052,-0.15118293
1907-01,-0.52930236,-0.67252135,-0.3860834
1907-02,-0.6185913,-0.76509285,-0.4720898
1907-03,-0.43793064,-0.5846249,-0.29123637
1907-04,-0.4779983,-0.63595945,-0.32003713
1907-05,-0.6450355,-0.8174265,-0.47264454
1907-06,-0.5440585,-0.7285098,-0.35960725
1907-07,-0.42508972,-0.5989156,-0.25126383
1907-08,-0.4910157,-0.7048997,-0.2771317
1907-09,-0.3986793,-0.56648517,-0.2308734
1907-10,-0.33594123,-0.4869077,-0.18497479
1907-11,-0.55637306,-0.7036612,-0.40908492
1907-12,-0.58987683,-0.7728595,-0.40689418
1908-01,-0.46647665,-0.6135111,-0.3194422
1908-02,-0.4139059,-0.55907226,-0.26873952
1908-03,-0.7040725,-0.84940577,-0.55873924
1908-04,-0.5884082,-0.7462024,-0.43061388
1908-05,-0.45306396,-0.6383044,-0.26782355
1908-06,-0.41279954,-0.60589045,-0.21970867
1908-07,-0.40103948,-0.5724443,-0.22963466
1908-08,-0.48125657,-0.7003825,-0.26213074
1908-09,-0.3872215,-0.5591857,-0.21525727
1908-10,-0.5747282,-0.7261497,-0.42330676
1908-11,-0.6453218,-0.7852707,-0.5053729
1908-12,-0.63815445,-0.80027384,-0.476035
1909-01,-0.7629406,-0.8951454,-0.6307358
1909-02,-0.53553337,-0.67432994,-0.39673677
1909-03,-0.6521415,-0.79210275,-0.5121803
1909-04,-0.63281554,-0.7831975,-0.48243353
1909-05,-0.5918205,-0.77018195,-0.413459
1909-06,-0.50006735,-0.6869661,-0.31316864
1909-07,-0.5237631,-0.6864449,-0.36108136
1909-08,-0.3369181,-0.5479727,-0.12586349
1909-09,-0.4156719,-0.58178246,-0.24956137
1909-10,-0.49451607,-0.64189625,-0.34713593
1909-11,-0.38665202,-0.5246769,-0.24862713
1909-12,-0.59633845,-0.7501332,-0.44254363
1910-01,-0.4327842,-0.5747264,-0.29084206
1910-02,-0.5290626,-0.67527723,-0.38284808
1910-03,-0.6189373,-0.771704,-0.46617064
1910-04,-0.5349184,-0.6914202,-0.37841663
1910-05,-0.5368389,-0.71915257,-0.35452524
1910-06,-0.5593434,-0.7473471,-0.37133965
1910-07,-0.43475804,-0.6054494,-0.2640667
1910-08,-0.38878688,-0.6054517,-0.17212208
1910-09,-0.4229382,-0.59759563,-0.24828072
1910-10,-0.48481956,-0.63360226,-0.33603686
1910-11,-0.672429,-0.81315607,-0.531702
1910-12,-0.7566741,-0.91549015,-0.59785813
1911-01,-0.66804653,-0.8043503,-0.5317427
1911-02,-0.70603365,-0.838752,-0.5733153
1911-03,-0.7639851,-0.89808047,-0.62988967
1911-04,-0.64364564,-0.80100137,-0.48628986
1911-05,-0.6272078,-0.805938,-0.44847766
1911-06,-0.55432284,-0.74320203,-0.36544362
1911-07,-0.49260998,-0.6690713,-0.3161486
1911-08,-0.5064451,-0.7171781,-0.29571208
1911-09,-0.4982411,-0.680748,-0.3157342
1911-10,-0.34511527,-0.49507046,-0.19516012
1911-11,-0.34931326,-0.49439368,-0.20423283
1911-12,-0.315495,-0.47613657,-0.1548535
1912-01,-0.32940087,-0.4633201,-0.19548161
1912-02,-0.31491742,-0.43766788,-0.19216692
1912-03,-0.5543457,-0.68546075,-0.4232307
1912-04,-0.33788237,-0.4915007,-0.184264
1912-05,-0.3352509,-0.503716,-0.1667858
1912-06,-0.28508794,-0.4639832,-0.106192656
1912-07,-0.50730854,-0.6681659,-0.34645116
1912-08,-0.57247293,-0.78099567,-0.36395016
1912-09,-0.6437677,-0.80863905,-0.47889635
1912-10,-0.6791174,-0.82347953,-0.53475523
1912-11,-0.55792326,-0.6956708,-0.42017576
1912-12,-0.59060127,-0.74457186,-0.43663067
1913-01,-0.5636491,-0.70592016,-0.42137802
1913-02,-0.55008626,-0.6813429,-0.41882965
1913-03,-0.60579985,-0.7407136,-0.47088605
1913-04,-0.5340449,-0.69886494,-0.36922488
1913-05,-0.54116863,-0.717569,-0.36476827
1913-06,-0.5514844,-0.73894113,-0.36402768
1913-07,-0.47697932,-0.649064,-0.30489463
1913-08,-0.39560005,-0.605102,-0.18609805
1913-09,-0.41690665,-0.5830773,-0.25073597
1913-10,-0.43836418,-0.5882755,-0.28845286
1913-11,-0.36772293,-0.50663286,-0.22881301
1913-12,-0.16402407,-0.3207319,-0.007316216
1914-01,-0.078474745,-0.21613824,0.05918875
1914-02,-0.27010897,-0.4004639,-0.13975406
1914-03,-0.39748344,-0.5322073,-0.26275954
1914-04,-0.4089052,-0.5571737,-0.26063666
1914-05,-0.30789974,-0.47892362,-0.13687588
1914-06,-0.30798316,-0.49093956,-0.12502678
1914-07,-0.2969515,-0.4692706,-0.124632396
1914-08,-0.24459992,-0.4556622,-0.033537664
1914-09,-0.30140656,-0.48765177,-0.11516135
1914-10,-0.110274434,-0.2672808,0.046731923
1914-11,-0.19029672,-0.33736014,-0.04323329
1914-12,-0.23672462,-0.39467424,-0.078774974
1915-01,-0.28745866,-0.43606412,-0.13885316
1915-02,-0.22042616,-0.37010035,-0.070751965
1915-03,-0.19399805,-0.35105386,-0.036942244
1915-04,-0.082622275,-0.24781929,0.08257474
1915-05,-0.16808057,-0.36465895,0.028497813
1915-06,-0.17210917,-0.37255874,0.028340416
1915-07,-0.16903177,-0.36015847,0.02209495
1915-08,-0.06681827,-0.29493347,0.16129693
1915-09,-0.120297745,-0.30047518,0.05987967
1915-10,-0.28610688,-0.44976383,-0.12244993
1915-11,-0.17281866,-0.3218076,-0.023829734
1915-12,-0.3623588,-0.50942546,-0.21529216
1916-01,-0.33786005,-0.4876082,-0.1881119
1916-02,-0.26403636,-0.41823655,-0.10983616
1916-03,-0.43909237,-0.5887705,-0.28941423
1916-04,-0.37517795,-0.5474576,-0.20289832
1916-05,-0.41811523,-0.62675697,-0.20947349
1916-06,-0.49483928,-0.70778334,-0.28189525
1916-07,-0.38488427,-0.58387554,-0.18589298
1916-08,-0.29676017,-0.52024907,-0.07327126
1916-09,-0.3218673,-0.5078389,-0.13589564
1916-10,-0.3744158,-0.54190564,-0.20692603
1916-11,-0.5142024,-0.6644174,-0.3639875
1916-12,-0.8212685,-0.9761314,-0.6664057
1917-01,-0.6892141,-0.84988326,-0.528545
1917-02,-0.715982,-0.8849225,-0.54704154
1917-03,-0.78429514,-0.94445986,-0.6241304
1917-04,-0.5461108,-0.726568,-0.3656537
1917-05,-0.6442835,-0.8495297,-0.43903726
1917-06,-0.47886908,-0.698331,-0.2594072
1917-07,-0.24527456,-0.455212,-0.035337124
1917-08,-0.33282208,-0.5884459,-0.07719827
1917-09,-0.2979707,-0.49015912,-0.10578233
1917-10,-0.53561026,-0.7070309,-0.36418962
1917-11,-0.45924768,-0.6210569,-0.29743847
1917-12,-0.7865544,-0.9670814,-0.6060274
1918-01,-0.5179739,-0.6850022,-0.3509456
1918-02,-0.67216516,-0.8356719,-0.5086584
1918-03,-0.57906806,-0.751414,-0.4067221
1918-04,-0.6234592,-0.8156268,-0.4312916
1918-05,-0.5252177,-0.75086904,-0.29956633
1918-06,-0.38651752,-0.6103386,-0.16269644
1918-07,-0.36958522,-0.56567657,-0.17349385
1918-08,-0.42982036,-0.66980463,-0.18983606
1918-09,-0.25825897,-0.4637045,-0.052813478
1918-10,-0.11888721,-0.31273952,0.07496512
1918-11,-0.18980259,-0.38338757,0.0037823957
1918-12,-0.42425612,-0.6094721,-0.23904014
1919-01,-0.25126135,-0.435014,-0.067508675
1919-02,-0.24207273,-0.416542,-0.06760347
1919-03,-0.39209825,-0.58520657,-0.19898996
1919-04,-0.21141803,-0.41892788,-0.0039082
1919-05,-0.30793867,-0.5225244,-0.093352936
1919-06,-0.35769194,-0.5655215,-0.14986245
1919-07,-0.29989257,-0.51161784,-0.08816732
1919-08,-0.2381391,-0.4837357,0.0074575483
1919-09,-0.28606114,-0.48273113,-0.08939117
1919-10,-0.25880492,-0.44467,-0.07293986
1919-11,-0.5575256,-0.71599007,-0.39906105
1919-12,-0.5033144,-0.67652005,-0.3301087
1920-01,-0.25863704,-0.43835065,-0.07892343
1920-02,-0.545883,-0.69912046,-0.39264554
1920-03,-0.17207259,-0.3437741,-0.00037105498
1920-04,-0.33658424,-0.5365327,-0.13663577
1920-05,-0.25627613,-0.46498504,-0.047567245
1920-06,-0.23811027,-0.45812166,-0.018098898
1920-07,-0.30046934,-0.5018703,-0.09906845
1920-08,-0.22659715,-0.45900223,0.005807938
1920-09,-0.1964555,-0.3914321,-0.0014788725
1920-10,-0.21776049,-0.38453242,-0.050988548
1920-11,-0.3456471,-0.52150667,-0.16978753
1920-12,-0.4884766,-0.6523202,-0.32463297
1921-01,-0.21760732,-0.37502497,-0.06018965
1921-02,-0.29521245,-0.44902927,-0.14139564
1921-03,-0.34263408,-0.50093555,-0.18433265
1921-04,-0.29096943,-0.46709645,-0.11484241
1921-05,-0.30159548,-0.5012052,-0.10198575
1921-06,-0.15440017,-0.3658895,0.057089157
1921-07,-0.15540703,-0.3545471,0.043733045
1921-08,-0.32134694,-0.5458187,-0.09687517
1921-09,-0.20710628,-0.39442888,-0.019783666
1921-10,-0.13444184,-0.30367956,0.034795877
1921-11,-0.19592439,-0.3460785,-0.04577027
1921-12,-0.27147904,-0.424055,-0.11890304
1922-01,-0.419077,-0.56817025,-0.2699838
1922-02,-0.40880406,-0.5457496,-0.2718585
1922-03,-0.344148,-0.4943077,-0.19398831
1922-04,-0.29111138,-0.45628148,-0.12594129
1922-05,-0.46964964,-0.6579521,-0.28134724
1922-06,-0.29270366,-0.48048604,-0.104921274
1922-07,-0.2590808,-0.44124886,-0.07691275
1922-08,-0.355893,-0.5667185,-0.14506747
1922-09,-0.32432133,-0.49675274,-0.15188992
1922-10,-0.34514487,-0.49858475,-0.19170502
1922-11,-0.25539744,-0.39435166,-0.116443194
1922-12,-0.30540624,-0.4507393,-0.16007322
1923-01,-0.40372258,-0.54395944,-0.26348573
1923-02,-0.4944323,-0.6337809,-0.3550837
1923-03,-0.45562357,-0.5954459,-0.3158013
1923-04,-0.41038665,-0.57101375,-0.24975957
1923-05,-0.4038749,-0.5846617,-0.22308807
1923-06,-0.25269112,-0.4406215,-0.06476072
1923-07,-0.41963744,-0.5942383,-0.2450366
1923-08,-0.32384917,-0.537738,-0.10996033
1923-09,-0.34093276,-0.5162632,-0.16560236
1923-10,-0.1764545,-0.33028832,-0.022620698
1923-11,-0.03351226,-0.17447731,0.107452795
1923-12,-0.10004945,-0.24315248,0.043053582
1924-01,-0.32711104,-0.47252598,-0.18169609
1924-02,-0.31528232,-0.45562285,-0.17494178
1924-03,-0.17595449,-0.3153586,-0.036550395
1924-04,-0.34247932,-0.5014861,-0.18347253
1924-05,-0.21757317,-0.39559406,-0.03955228
1924-06,-0.27555224,-0.46537247,-0.085732006
1924-07,-0.29391536,-0.46117327,-0.12665746
1924-08,-0.3172419,-0.5321844,-0.102299385
1924-09,-0.33069578,-0.5084952,-0.15289639
1924-10,-0.36585054,-0.5206516,-0.2110495
1924-11,-0.2907367,-0.4303612,-0.15111223
1924-12,-0.49235374,-0.63418114,-0.35052633
1925-01,-0.49163565,-0.6360688,-0.34720248
1925-02,-0.48531267,-0.62783724,-0.34278813
1925-03,-0.37375176,-0.5155008,-0.23200274
1925-04,-0.30694255,-0.47034937,-0.14353575
1925-05,-0.3056574,-0.5006012,-0.11071356
1925-06,-0.33413643,-0.53678447,-0.13148837
1925-07,-0.33086437,-0.5057325,-0.15599626
1925-08,-0.16828516,-0.38384804,0.04727771
1925-09,-0.25893372,-0.44479072,-0.0730767
1925-10,-0.28853402,-0.45646706,-0.120601006
1925-11,-0.059098415,-0.20052361,0.082326785
1925-12,0.014048895,-0.13270758,0.16080537
1926-01,0.08253241,-0.06263089,0.22769572
1926-02,-0.035031483,-0.17242493,0.102361955
1926-03,0.023573108,-0.11576544,0.16291165
1926-04,-0.1579929,-0.327664,0.01167819
1926-05,-0.27003446,-0.4538862,-0.08618276
1926-06,-0.18281585,-0.3733924,0.0077607087
1926-07,-0.2084477,-0.38436303,-0.03253235
1926-08,-0.10001693,-0.32225892,0.12222505
1926-09,-0.11788381,-0.2965996,0.06083199
1926-10,-0.06996329,-0.22726479,0.08733821
1926-11,-0.115788996,-0.25999144,0.028413441
1926-12,-0.32215574,-0.46747088,-0.17684063
1927-01,-0.31123906,-0.45435637,-0.16812176
1927-02,-0.21210012,-0.33594212,-0.08825814
1927-03,-0.41895348,-0.5508106,-0.28709638
1927-04,-0.3145047,-0.4677973,-0.16121212
1927-05,-0.23004514,-0.40716198,-0.05292829
1927-06,-0.24831119,-0.43623513,-0.06038725
1927-07,-0.20484532,-0.37125188,-0.038438786
1927-08,-0.21330415,-0.42017597,-0.0064323
1927-09,-0.11964897,-0.28789678,0.04859885
1927-10,-0.02967228,-0.18330196,0.1239574
1927-11,-0.12667355,-0.25778046,0.0044333646
1927-12,-0.32356292,-0.46620953,-0.18091631
1928-01,-0.017104585,-0.1668746,0.13266544
1928-02,-0.124669254,-0.2695675,0.020228995
1928-03,-0.3195826,-0.46694115,-0.17222404
1928-04,-0.23520902,-0.39391342,-0.076504625
1928-05,-0.3014689,-0.48644242,-0.11649541
1928-06,-0.32672966,-0.51603055,-0.1374288
1928-07,-0.1883196,-0.35774884,-0.018890347
1928-08,-0.17851628,-0.38754088,0.030508325
1928-09,-0.20668688,-0.38965768,-0.02371608
1928-10,-0.1840448,-0.34064317,-0.027446417
1928-11,-0.17209516,-0.31970295,-0.024487386
1928-12,-0.22671194,-0.37439686,-0.07902704
1929-01,-0.4364513,-0.5833095,-0.28959316
1929-02,-0.6036853,-0.74768084,-0.45968977
1929-03,-0.48715258,-0.63443154,-0.33987364
1929-04,-0.4373352,-0.60708904,-0.2675813
1929-05,-0.4345294,-0.62124,-0.24781875
1929-06,-0.40885338,-0.5975827,-0.22012407
1929-07,-0.4396209,-0.6168994,-0.26234248
1929-08,-0.2663079,-0.48695058,-0.04566523
1929-09,-0.27733904,-0.46059266,-0.09408544
1929-10,-0.22126578,-0.38139418,-0.06113739
1929-11,-0.14017749,-0.28305233,0.0026973686
1929-12,-0.5603613,-0.7042419,-0.4164808
1930-01,-0.3631465,-0.49787483,-0.22841819
1930-02,-0.35584554,-0.4784241,-0.23326696
1930-03,-0.24732758,-0.3744386,-0.12021657
1930-04,-0.23128887,-0.38058066,-0.08199705
1930-05,-0.25067642,-0.4180869,-0.08326598
1930-06,-0.20374553,-0.3809626,-0.026528457
1930-07,-0.1882644,-0.36365265,-0.012876141
1930-08,-0.09765256,-0.3049344,0.10962929
1930-09,-0.092231415,-0.25912735,0.07466452
1930-10,-0.090577535,-0.23271994,0.05156486
1930-11,0.06376379,-0.063620925,0.1911485
1930-12,-0.06467221,-0.18759245,0.058248024
1931-01,-0.13693942,-0.2671767,-0.006702163
1931-02,-0.2586906,-0.36686972,-0.15051147
1931-03,-0.10919364,-0.23315944,0.014772162
1931-04,-0.17070459,-0.31463963,-0.026769554
1931-05,-0.19289996,-0.36193624,-0.023863683
1931-06,-0.02544678,-0.2039998,0.15310624
1931-07,-0.008178203,-0.17845777,0.16210136
1931-08,-0.026662722,-0.23960268,0.18627724
1931-09,-0.051968556,-0.2076939,0.10375679
1931-10,-0.026985472,-0.17087266,0.11690171
1931-11,-0.13579522,-0.26063263,-0.010957824
1931-12,-0.09730702,-0.2172313,0.022617267
1932-01,0.07975415,-0.043561757,0.20307006
1932-02,-0.17805362,-0.29942062,-0.056686606
1932-03,-0.1947655,-0.3203073,-0.06922365
1932-04,-0.061219946,-0.198662,0.076222114
1932-05,-0.15982142,-0.3201136,0.00047073714
1932-06,-0.25541136,-0.4258154,-0.0850073
1932-07,-0.12971984,-0.29410174,0.034662075
1932-08,-0.18982057,-0.39686376,0.017222626
1932-09,-0.00055066624,-0.15410176,0.15300043
1932-10,-0.09439127,-0.23334253,0.044559985
1932-11,-0.29486138,-0.41643777,-0.17328496
1932-12,-0.26667866,-0.38838974,-0.14496759
1933-01,-0.31109115,-0.4301322,-0.1920501
1933-02,-0.35099408,-0.46522236,-0.23676579
1933-03,-0.3851551,-0.5024361,-0.2678741
1933-04,-0.28470516,-0.42601293,-0.14339739
1933-05,-0.2769364,-0.45054585,-0.10332694
1933-06,-0.32360965,-0.5103935,-0.13682581
1933-07,-0.2903949,-0.4524689,-0.1283209
1933-08,-0.15375972,-0.3546877,0.047168247
1933-09,-0.32664743,-0.48648426,-0.1668106
1933-10,-0.245828,-0.38623607,-0.10541995
1933-11,-0.40483868,-0.51923364,-0.29044378
1933-12,-0.5141726,-0.63299805,-0.3953472
1934-01,-0.32326755,-0.43162593,-0.21490915
1934-02,-0.1451731,-0.24469295,-0.045653235
1934-03,-0.4310569,-0.5399451,-0.32216865
1934-04,-0.37176266,-0.50687045,-0.23665486
1934-05,-0.14018929,-0.29952848,0.019149903
1934-06,-0.09232751,-0.28172815,0.09707313
1934-07,-0.17809097,-0.33932257,-0.016859364
1934-08,-0.11440116,-0.3252075,0.09640516
1934-09,-0.13450967,-0.29044768,0.021428343
1934-10,-0.08177011,-0.21969576,0.056155562
1934-11,0.031826723,-0.08049537,0.14414883
1934-12,-0.111320004,-0.22109856,-0.0015414461
1935-01,-0.3479727,-0.46686283,-0.22908255
1935-02,0.04972145,-0.053259466,0.15270236
1935-03,-0.21446298,-0.31988317,-0.10904279
1935-04,-0.3228376,-0.460522,-0.18515322
1935-05,-0.31434223,-0.48563308,-0.1430514
1935-06,-0.2092866,-0.38938758,-0.029185612
1935-07,-0.14094204,-0.2998374,0.017953362
1935-08,-0.14877552,-0.34538043,0.04782942
1935-09,-0.19052882,-0.3428319,-0.03822576
1935-10,-0.055213235,-0.18450885,0.07408237
1935-11,-0.32153568,-0.42853072,-0.21454066
1935-12,-0.25653476,-0.36094522,-0.15212429
1936-01,-0.39848116,-0.5024208,-0.2945415
1936-02,-0.34311983,-0.44220343,-0.24403626
1936-03,-0.32916442,-0.43601322,-0.22231562
1936-04,-0.1883213,-0.31698588,-0.059656713
1936-05,-0.17232911,-0.33633974,-0.008318501
1936-06,-0.14899857,-0.31470138,0.016704235
1936-07,-0.06987007,-0.22382125,0.084081106
1936-08,-0.07327964,-0.27147797,0.12491867
1936-09,-0.108766146,-0.25690895,0.03937666
1936-10,-0.041382577,-0.17508227,0.092317104
1936-11,-0.054110777,-0.15767384,0.049452282
1936-12,-0.10642759,-0.21628995,0.0034347898
1937-01,-0.12685171,-0.23948237,-0.014221046
1937-02,0.066486835,-0.03919336,0.17216702
1937-03,-0.26192847,-0.37137395,-0.15248302
1937-04,-0.121213466,-0.255947,0.013520067
1937-05,-0.091207266,-0.25534177,0.07292723
1937-06,-0.008428331,-0.18466923,0.16781256
1937-07,0.019690081,-0.13141476,0.17079492
1937-08,0.036828596,-0.15785031,0.2315075
1937-09,0.14490855,-0.010420173,0.30023727
1937-10,0.12801065,-0.011122891,0.2671442
1937-11,0.061703082,-0.050341,0.17374717
1937-12,-0.0783857,-0.19385788,0.037086464
1938-01,0.04551444,-0.05937577,0.15040465
1938-02,-0.009824214,-0.11000702,0.090358585
1938-03,-0.015279184,-0.117580466,0.087022096
1938-04,0.04000326,-0.0976628,0.17766932
1938-05,-0.09591497,-0.2707099,0.07887996
1938-06,-0.09364482,-0.26718155,0.0798919
1938-07,-0.04622565,-0.20220377,0.109752476
1938-08,-0.0028444168,-0.20122032,0.19553149
1938-09,0.01991738,-0.13494068,0.17477545
1938-10,0.16282216,0.024466746,0.30117756
1938-11,0.054737236,-0.053614,0.16308847
1938-12,-0.20567,-0.32208803,-0.089251965
1939-01,-0.121787794,-0.22934918,-0.014226404
1939-02,-0.117604576,-0.21543846,-0.019770693
1939-03,-0.28873166,-0.39380893,-0.18365441
1939-04,-0.106402785,-0.23740795,0.024602382
1939-05,-0.03005215,-0.19047527,0.13037097
1939-06,0.014760026,-0.16028467,0.18980472
1939-07,-0.037748978,-0.20127435,0.1257764
1939-08,-0.04066755,-0.25702047,0.17568538
1939-09,-0.017160367,-0.20016287,0.16584213
1939-10,-0.09934573,-0.26764223,0.06895078
1939-11,0.021302136,-0.11902354,0.16162781
1939-12,0.33387345,0.18944654,0.47830033
1940-01,-0.052654818,-0.18006782,0.07475819
1940-02,0.08632718,-0.0359212,0.20857556
1940-03,-0.035766255,-0.1625376,0.09100509
1940-04,0.14895241,-0.034468964,0.33237377
1940-05,0.0502412,-0.14184676,0.24232917
1940-06,0.044663727,-0.1491368,0.23846425
1940-07,0.1482532,-0.028301956,0.32480836
1940-08,0.09961082,-0.115770265,0.31499192
1940-09,0.13118677,-0.03203977,0.2944133
1940-10,0.09584135,-0.059646063,0.25132877
1940-11,-0.0046561854,-0.13411191,0.12479955
1940-12,0.19923072,0.06407699,0.33438444
1941-01,-0.039560955,-0.25157484,0.17245293
1941-02,0.11823889,-0.08517223,0.32165
1941-03,-0.11652528,-0.32683504,0.09378447
1941-04,0.036228664,-0.19644469,0.268902
1941-05,0.06123504,-0.19559848,0.31806856
1941-06,0.0596246,-0.18859485,0.30784404
1941-07,0.16075781,-0.07209745,0.39361307
1941-08,0.039676894,-0.22813907,0.30749285
1941-09,-0.14452067,-0.3784344,0.08939303
1941-10,0.21426645,-0.0057034367,0.43423632
1941-11,-0.007257905,-0.22418799,0.20967218
1941-12,0.07538852,-0.13360447,0.2843815
1942-01,0.25783694,0.053692356,0.4619815
1942-02,0.016801072,-0.18281478,0.21641691
1942-03,-0.041579403,-0.24019195,0.15703313
1942-04,-0.015153615,-0.24485067,0.21454343
1942-05,0.12379065,-0.13554372,0.38312504
1942-06,0.030325836,-0.2195993,0.28025097
1942-07,-0.059752498,-0.2964828,0.1769778
1942-08,-0.05740612,-0.3351613,0.22034906
1942-09,-0.013465349,-0.25318065,0.22624996
1942-10,-0.08694347,-0.30974555,0.13585861
1942-11,-0.057510037,-0.27184075,0.15682067
1942-12,-0.080070905,-0.2823254,0.122183576
1943-01,-0.18267323,-0.41188934,0.046542883
1943-02,-0.03061434,-0.24937429,0.18814561
1943-03,-0.16772735,-0.39681655,0.061361846
1943-04,0.022969417,-0.20856993,0.25450876
1943-05,0.03550913,-0.23148823,0.30250648
1943-06,-0.07487101,-0.33023354,0.1804915
1943-07,0.018335527,-0.22184484,0.2585159
1943-08,0.031610876,-0.24861293,0.31183466
1943-09,-0.013441508,-0.24750064,0.22061762
1943-10,0.2277136,-0.0019893488,0.45741653
1943-11,0.10388872,-0.115436934,0.32321438
1943-12,0.10626907,-0.10569832,0.31823647
1944-01,0.31816214,0.112214126,0.52411014
1944-02,0.11862034,-0.08507213,0.32231283
1944-03,0.12006746,-0.09471434,0.33484927
1944-04,0.04225588,-0.1885682,0.27307996
1944-05,0.119925626,-0.13840115,0.3782524
1944-06,0.10735916,-0.15293637,0.3676547
1944-07,0.14871696,-0.0872223,0.3846562
1944-08,0.20666182,-0.079099305,0.49242294
1944-09,0.16769068,-0.056805864,0.39218724
1944-10,0.20805594,-0.0102054365,0.42631733
1944-11,0.08847658,-0.1139502,0.29090336
1944-12,0.083269,-0.112689644,0.27922764
1945-01,0.09508047,-0.11957911,0.30974007
1945-02,0.04839935,-0.16548169,0.2622804
1945-03,0.03865824,-0.17728569,0.25460216
1945-04,0.20985286,-0.02450203,0.44420776
1945-05,-0.061685707,-0.33644745,0.21307604
1945-06,-0.03652022,-0.29726994,0.22422948
1945-07,0.00042324737,-0.24768649,0.24853298
1945-08,0.2362124,-0.053284284,0.5257091
1945-09,0.1028386,-0.122961916,0.32863912
1945-10,0.094233386,-0.13283221,0.321299
1945-11,-0.010639086,-0.22343569,0.20215751
1945-12,-0.19979319,-0.40156344,0.0019770549
1946-01,0.046495322,-0.12599254,0.21898319
1946-02,-0.11574643,-0.2901115,0.058618642
1946-03,-0.1215551,-0.2931895,0.050079297
1946-04,-0.001070216,-0.18591501,0.18377458
1946-05,-0.082718804,-0.28555256,0.120114945
1946-06,-0.27002892,-0.4794503,-0.06060755
1946-07,-0.109389625,-0.31101307,0.09223383
1946-08,-0.15412526,-0.38707858,0.07882805
1946-09,-0.09819822,-0.28867555,0.09227911
1946-10,-0.06812635,-0.24190964,0.10565692
1946-11,-0.10808773,-0.26652718,0.05035172
1946-12,-0.34320223,-0.48636523,-0.20003924
1947-01,-0.15051101,-0.29601136,-0.0050106677
1947-02,-0.14106397,-0.27542192,-0.006706007
1947-03,-0.07618291,-0.22355233,0.07118651
1947-04,-0.054869834,-0.23009242,0.120352745
1947-05,-0.07080105,-0.27533346,0.13373137
1947-06,-0.092732966,-0.3124098,0.12694384
1947-07,-0.06481824,-0.25643027,0.12679379
1947-08,-0.11288264,-0.34558374,0.11981848
1947-09,-0.16043018,-0.35566252,0.034802165
1947-10,0.033811674,-0.14890239,0.21652573
1947-11,0.02912334,-0.12750946,0.18575613
1947-12,-0.23310879,-0.38460296,-0.08161461
1948-01,-0.01899665,-0.15659407,0.11860077
1948-02,-0.23857601,-0.37797922,-0.09917279
1948-03,-0.28302348,-0.4262124,-0.13983452
1948-04,-0.114602394,-0.287611,0.05840621
1948-05,0.057578247,-0.14908782,0.26424432
1948-06,-0.008215971,-0.20537749,0.18894555
1948-07,-0.12959683,-0.32280955,0.0636159
1948-08,-0.047574744,-0.27386165,0.17871216
1948-09,-0.13380374,-0.31497514,0.047367666
1948-10,-0.05680375,-0.2210213,0.1074138
1948-11,-0.17333214,-0.3244153,-0.022249011
1948-12,-0.3489878,-0.49336633,-0.20460922
1949-01,-0.018578093,-0.14231202,0.10515583
1949-02,-0.24225992,-0.3602003,-0.12431957
1949-03,-0.10957818,-0.2236049,0.0044485494
1949-04,-0.14671299,-0.2947693,0.0013433092
1949-05,-0.11125475,-0.29777372,0.07526421
1949-06,-0.23316567,-0.41350195,-0.052829392
1949-07,-0.18007946,-0.34748125,-0.01267766
1949-08,-0.07750365,-0.29055914,0.13555184
1949-09,-0.123270296,-0.28533342,0.03879283
1949-10,-0.08973549,-0.22897226,0.04950127
1949-11,-0.1810419,-0.30046904,-0.061614756
1949-12,-0.21244651,-0.32703057,-0.09786245
1950-01,-0.30004355,-0.41899204,-0.18109505
1950-02,-0.37003636,-0.4831021,-0.2569706
1950-03,-0.21643834,-0.3307996,-0.10207707
1950-04,-0.24361573,-0.39951792,-0.08771354
1950-05,-0.13729778,-0.31324044,0.038644888
1950-06,-0.105043374,-0.29483223,0.084745474
1950-07,-0.10670231,-0.26735002,0.05394541
1950-08,-0.15261763,-0.35921878,0.053983524
1950-09,-0.24503586,-0.4036668,-0.086404935
1950-10,-0.20104446,-0.33889845,-0.063190475
1950-11,-0.38081577,-0.49243763,-0.26919392
1950-12,-0.26077038,-0.3802367,-0.14130408
1951-01,-0.36034262,-0.4589177,-0.26176754
1951-02,-0.5093785,-0.6001588,-0.41859823
1951-03,-0.2620192,-0.3542802,-0.16975816
1951-04,-0.1080777,-0.24150318,0.025347786
1951-05,0.032269213,-0.151453,0.21599144
1951-06,0.060181145,-0.11182762,0.23218991
1951-07,0.03866412,-0.12042866,0.1977569
1951-08,0.12133113,-0.07829491,0.32095715
1951-09,0.13226272,-0.019023193,0.28354865
1951-10,0.12436143,-0.0045943954,0.25331727
1951-11,-0.07229671,-0.17430036,0.029706946
1951-12,0.0691973,-0.032534182,0.17092878
1952-01,0.09402644,-0.00812421,0.1961771
1952-02,0.068350874,-0.028965494,0.16566725
1952-03,-0.16353902,-0.25835308,-0.06872494
1952-04,0.04558809,-0.09313565,0.18431182
1952-05,0.022243695,-0.15909414,0.20358154
1952-06,0.023484357,-0.1614921,0.20846081
1952-07,0.09006012,-0.07709257,0.25721282
1952-08,0.096942395,-0.1105835,0.30446827
1952-09,0.09621102,-0.06066274,0.25308478
1952-10,-0.016534438,-0.14808096,0.11501208
1952-11,-0.13228506,-0.23842481,-0.026145296
1952-12,-0.04029371,-0.14592908,0.06534167
1953-01,-0.009005178,-0.11308341,0.09507305
1953-02,0.09501191,0.0007980468,0.18922578
1953-03,0.018006958,-0.083248086,0.119262
1953-04,0.22455436,0.07946404,0.36964467
1953-05,0.14901619,-0.02643255,0.32446492
1953-06,0.1404282,-0.04348267,0.32433906
1953-07,0.043144584,-0.12013697,0.20642613
1953-08,0.08707856,-0.12004952,0.29420665
1953-09,0.08630111,-0.07270259,0.24530481
1953-10,0.08342033,-0.048025105,0.21486577
1953-11,-0.0058099576,-0.11363081,0.10201089
1953-12,0.01942187,-0.08567341,0.12451715
1954-01,-0.2434586,-0.33929825,-0.14761893
1954-02,-0.089074455,-0.18093091,0.002781996
1954-03,-0.18339783,-0.27912733,-0.08766833
1954-04,-0.11477188,-0.24236786,0.0128240995
1954-05,-0.17059736,-0.33720312,-0.0039916215
1954-06,-0.1296339,-0.30016065,0.040892836
1954-07,-0.19616233,-0.35168973,-0.040634945
1954-08,-0.10182279,-0.28616172,0.08251613
1954-09,-0.11330111,-0.26177186,0.035169613
1954-10,-0.011538466,-0.13309364,0.1100167
1954-11,0.11638409,0.01995511,0.21281308
1954-12,-0.16362791,-0.2633629,-0.0638929
1955-01,0.10597788,0.014951693,0.19700406
1955-02,-0.19271314,-0.27525374,-0.110172555
1955-03,-0.3963696,-0.48520008,-0.30753914
1955-04,-0.22909744,-0.35830337,-0.099891536
1955-05,-0.23882908,-0.40164378,-0.07601436
1955-06,-0.17836486,-0.34488028,-0.0118494425
1955-07,-0.20829603,-0.36318785,-0.05340421
1955-08,-0.08842416,-0.2744727,0.097624384
1955-09,-0.14314792,-0.27703187,-0.0092639625
1955-10,-0.11328784,-0.22637765,-0.0001980232
1955-11,-0.32083783,-0.41694224,-0.22473344
1955-12,-0.36432907,-0.45405668,-0.27460146
1956-01,-0.2403825,-0.3247751,-0.15598993
1956-02,-0.28243503,-0.3625925,-0.20227754
1956-03,-0.35645252,-0.43977112,-0.27313393
1956-04,-0.30645922,-0.40755266,-0.20536578
1956-05,-0.33606264,-0.45112088,-0.22100437
1956-06,-0.22652255,-0.33725312,-0.11579198
1956-07,-0.2106352,-0.32375464,-0.097515784
1956-08,-0.28964865,-0.42783394,-0.15146336
1956-09,-0.2734754,-0.38730374,-0.15964706
1956-10,-0.26315844,-0.35439906,-0.17191784
1956-11,-0.21516415,-0.29393166,-0.13639663
1956-12,-0.1575909,-0.23783027,-0.077351525
1957-01,-0.22153524,-0.29409447,-0.14897601
1957-02,-0.15856388,-0.23127134,-0.085856415
1957-03,-0.1975386,-0.27344698,-0.121630214
1957-04,-0.041761864,-0.12591177,0.042388048
1957-05,0.03177997,-0.05156566,0.115125604
1957-06,0.06454678,-0.027708724,0.15680228
1957-07,-0.06267592,-0.16108057,0.035728723
1957-08,0.07285775,-0.025583688,0.17129919
1957-09,0.041351955,-0.050062116,0.13276602
1957-10,-0.0007920379,-0.07993971,0.07835563
1957-11,-0.00397586,-0.08217196,0.07422025
1957-12,0.05228784,-0.014773578,0.119349256
1958-01,0.25472188,0.18477017,0.3246736
1958-02,0.09280772,0.020115048,0.16550039
1958-03,0.0052554575,-0.06892984,0.07944076
1958-04,-0.06950849,-0.14541516,0.0063981838
1958-05,0.016476592,-0.06756154,0.100514725
1958-06,-0.15305896,-0.2407915,-0.06532643
1958-07,-0.020030653,-0.122118644,0.082057334
1958-08,-0.083085604,-0.18378095,0.017609738
1958-09,-0.11479923,-0.20449965,-0.025098816
1958-10,-0.019471264,-0.10863628,0.06969376
1958-11,-0.038575903,-0.110695235,0.033543434
1958-12,-0.08232217,-0.15505922,-0.009585136
1959-01,0.013691866,-0.057967845,0.08535158
1959-02,-0.005084035,-0.06930822,0.059140153
1959-03,0.016677765,-0.055086143,0.08844168
1959-04,0.026267799,-0.05526906,0.107804656
1959-05,-0.03853143,-0.12668422,0.04962136
1959-06,-0.0018165166,-0.09611195,0.09247892
1959-07,-0.043648165,-0.1407121,0.05341577
1959-08,-0.041345503,-0.12845452,0.04576352
1959-09,-0.14124896,-0.22689748,-0.05560044
1959-10,-0.071337834,-0.14982772,0.007152045
1959-11,-0.18634169,-0.25757015,-0.11511324
1959-12,-0.10334121,-0.16692382,-0.039758593
1960-01,-0.11465857,-0.17818601,-0.051131118
1960-02,0.02281142,-0.038939342,0.08456218
1960-03,-0.44688365,-0.51143664,-0.38233066
1960-04,-0.26193932,-0.33308205,-0.1907966
1960-05,-0.17928644,-0.2596041,-0.09896878
1960-06,-0.1261228,-0.2180584,-0.034187194
1960-07,-0.11407162,-0.20836379,-0.019779457
1960-08,-0.006310927,-0.09468046,0.0820586
1960-09,0.0032144422,-0.077028275,0.08345716
1960-10,-0.031158555,-0.11090458,0.048587475
1960-11,-0.21504581,-0.28288013,-0.14721149
1960-12,0.0836075,0.024021316,0.14319369
1961-01,-0.052229382,-0.10604209,0.0015833256
1961-02,0.09082804,0.03480867,0.1468474
1961-03,-0.0616479,-0.121089086,-0.0022067144
1961-04,0.06100269,-0.005988584,0.12799396
1961-05,0.067880936,-0.0045889886,0.14035086
1961-06,0.08760505,0.005416348,0.16979375
1961-07,-0.03974989,-0.124212116,0.044712335
1961-08,-0.016852155,-0.093706384,0.060002074
1961-09,-0.030176053,-0.110131025,0.04977892
1961-10,-0.06376159,-0.12409272,-0.0034304585
1961-11,-0.031068904,-0.0864477,0.024309888
1961-12,-0.25179952,-0.30733567,-0.19626334
1962-01,-0.05704969,-0.111643106,-0.0024562806
1962-02,0.012157755,-0.047518242,0.07183375
1962-03,0.018748457,-0.036765415,0.07426233
1962-04,-0.026072158,-0.095235944,0.04309163
1962-05,-0.18164511,-0.2606271,-0.102663144
1962-06,-0.056267038,-0.1399578,0.027423719
1962-07,-0.10915736,-0.2047529,-0.013561823
1962-08,-0.10973202,-0.19394721,-0.02551682
1962-09,-0.07493823,-0.14678304,-0.003093423
1962-10,-0.038202044,-0.112969555,0.036565468
1962-11,-0.020875225,-0.07987935,0.038128905
1962-12,-0.12562062,-0.18604958,-0.06519166
1963-01,-0.121948205,-0.17286605,-0.07103036
1963-02,0.040044732,-0.013600229,0.093689695
1963-03,-0.3409997,-0.4023474,-0.27965203
1963-04,-0.17912978,-0.24301982,-0.11523975
1963-05,-0.1466549,-0.2207718,-0.072538
1963-06,-0.06680599,-0.15230548,0.018693516
1963-07,0.05953688,-0.033529285,0.15260305
1963-08,0.14581573,0.05786402,0.23376743
1963-09,0.12205969,0.039692715,0.20442666
1963-10,0.06423311,-0.006535083,0.1350013
1963-11,0.04470364,-0.017914778,0.10732206
1963-12,-0.062525906,-0.119097084,-0.005954728
1964-01,-0.19452871,-0.24590258,-0.14315486
1964-02,-0.22300385,-0.2707023,-0.17530538
1964-03,-0.38280848,-0.4354939,-0.33012307
1964-04,-0.44159797,-0.49986494,-0.38333103
1964-05,-0.37424895,-0.44108826,-0.30740967
1964-06,-0.16659828,-0.23335688,-0.09983969
1964-07,-0.20062846,-0.27401683,-0.12724008
1964-08,-0.30053315,-0.36973116,-0.23133513
1964-09,-0.4045793,-0.46920264,-0.33995596
1964-10,-0.3114203,-0.3756508,-0.24718978
1964-11,-0.2988282,-0.3533131,-0.24434334
1964-12,-0.3716253,-0.41772586,-0.32552475
1965-01,-0.16228765,-0.21544793,-0.10912736
1965-02,-0.26308617,-0.31864673,-0.20752563
1965-03,-0.2597472,-0.314058,-0.20543642
1965-04,-0.29863888,-0.36014748,-0.23713025
1965-05,-0.19161598,-0.2604217,-0.12281029
1965-06,-0.20754607,-0.2859227,-0.12916943
1965-07,-0.26655743,-0.34850556,-0.1846093
1965-08,-0.1619956,-0.2357662,-0.08822501
1965-09,-0.24531643,-0.32013673,-0.17049614
1965-10,-0.10577728,-0.16904464,-0.042509913
1965-11,-0.1437657,-0.20105892,-0.08647249
1965-12,-0.14632036,-0.19985811,-0.09278261
1966-01,-0.28320545,-0.33601388,-0.23039699
1966-02,-0.16757779,-0.22072573,-0.114429854
1966-03,-0.1708448,-0.22562246,-0.11606713
1966-04,-0.17045191,-0.22957575,-0.11132808
1966-05,-0.21843779,-0.27984244,-0.15703316
1966-06,-0.10499999,-0.18416446,-0.025835512
1966-07,0.0030392085,-0.08309536,0.08917377
1966-08,-0.10166964,-0.18408725,-0.019252032
1966-09,-0.08658218,-0.16101395,-0.012150404
1966-10,-0.23768093,-0.3007167,-0.17464516
1966-11,-0.10768294,-0.16457853,-0.050787363
1966-12,-0.14052084,-0.19718638,-0.083855316
1967-01,-0.21960148,-0.26585704,-0.17334592
1967-02,-0.32817873,-0.38193217,-0.2744253
1967-03,-0.09374347,-0.14432028,-0.043166663
1967-04,-0.13242696,-0.18680602,-0.078047894
1967-05,0.057162356,-0.005516053,0.11984076
1967-06,-0.108169004,-0.17946222,-0.036875788
1967-07,-0.067892365,-0.14901736,0.01323264
1967-08,-0.099165745,-0.17351398,-0.024817519
1967-09,-0.12451488,-0.19525743,-0.05377232
1967-10,-0.020286117,-0.0855479,0.044975664
1967-11,-0.119650505,-0.17039524,-0.06890577
1967-12,-0.1537288,-0.1991738,-0.10828379
1968-01,-0.32466504,-0.37137488,-0.27795523
1968-02,-0.26771057,-0.3169445,-0.21847664
1968-03,-0.003727732,-0.05343113,0.045975666
1968-04,-0.18043014,-0.23411447,-0.1267458
1968-05,-0.22587559,-0.28420305,-0.16754813
1968-06,-0.15176927,-0.22612664,-0.077411875
1968-07,-0.19500259,-0.27286038,-0.1171448
1968-08,-0.12997681,-0.21054135,-0.049412273
1968-09,-0.22645247,-0.29917043,-0.1537345
1968-10,0.008175721,-0.059301265,0.07565271
1968-11,-0.13496026,-0.18726788,-0.08265263
1968-12,-0.1911928,-0.24149217,-0.14089343
1969-01,-0.16237703,-0.20836867,-0.11638539
1969-02,-0.1970934,-0.24815017,-0.14603664
1969-03,-0.13277553,-0.18331009,-0.08224098
1969-04,0.049255937,-0.0007941228,0.099305995
1969-05,0.06528902,0.0093505345,0.12122751
1969-06,0.0056816083,-0.06108295,0.07244617
1969-07,-0.1091712,-0.17552002,-0.042822383
1969-08,-0.07289227,-0.14569598,-8.85525E-05
1969-09,-0.013110088,-0.07264362,0.046423446
1969-10,0.00090877194,-0.06066966,0.062487204
1969-11,0.023137517,-0.028535709,0.07481074
1969-12,0.16674611,0.12138196,0.21211027
1970-01,0.014005779,-0.024967588,0.05297915
1970-02,0.063759334,0.017752824,0.10976585
1970-03,-0.08814179,-0.13351265,-0.04277095
1970-04,-0.07942118,-0.1272537,-0.031588662
1970-05,-0.14084856,-0.19922996,-0.08246716
1970-06,-0.1370101,-0.204421,-0.0695992
1970-07,-0.11218003,-0.18914407,-0.035215985
1970-08,-0.1992122,-0.27766284,-0.12076156
1970-09,-0.030715683,-0.09970784,0.03827647
1970-10,-0.06031036,-0.12693785,0.0063171284
1970-11,-0.058197107,-0.110719755,-0.005674464
1970-12,-0.1930069,-0.23651735,-0.14949644
1971-01,-0.14365958,-0.18466523,-0.10265391
1971-02,-0.2726155,-0.31656718,-0.22866382
1971-03,-0.33664557,-0.38328534,-0.2900058
1971-04,-0.23293439,-0.28357276,-0.18229601
1971-05,-0.1979984,-0.26606554,-0.12993127
1971-06,-0.2552373,-0.32123104,-0.18924357
1971-07,-0.18479517,-0.2544347,-0.11515566
1971-08,-0.1812137,-0.25926685,-0.10316055
1971-09,-0.12637776,-0.19992936,-0.05282617
1971-10,-0.15617602,-0.20850164,-0.103850394
1971-11,-0.15279908,-0.20081574,-0.104782425
1971-12,-0.23074044,-0.27251953,-0.18896136
1972-01,-0.37904298,-0.41819,-0.33989596
1972-02,-0.2778282,-0.320703,-0.2349534
1972-03,-0.14302962,-0.18787768,-0.09818155
1972-04,-0.12759815,-0.17795895,-0.07723736
1972-05,-0.082474515,-0.14861475,-0.016334282
1972-06,-0.031909496,-0.100287944,0.036468957
1972-07,-0.09311811,-0.1700235,-0.016212704
1972-08,0.061222523,-0.019026173,0.14147122
1972-09,-0.052398738,-0.120318,0.015520524
1972-10,-0.056839254,-0.112568185,-0.0011103234
1972-11,-0.051805325,-0.09928263,-0.0043280204
1972-12,0.10889668,0.06640539,0.15138797
1973-01,0.100870065,0.05921677,0.14252336
1973-02,0.15933001,0.120916836,0.19774319
1973-03,0.11498204,0.069975875,0.15998821
1973-04,0.19915819,0.1508453,0.2474711
1973-05,0.10814754,0.044189963,0.17210512
1973-06,0.106045224,0.045468733,0.16662171
1973-07,0.01621605,-0.049754184,0.08218629
1973-08,-0.027661854,-0.10094168,0.04561797
1973-09,-0.035152175,-0.11000057,0.03969623
1973-10,0.0108220205,-0.047591276,0.06923532
1973-11,-0.025164139,-0.071579844,0.021251563
1973-12,-0.1283927,-0.16965793,-0.08712748
1974-01,-0.28239968,-0.32175258,-0.24304679
1974-02,-0.4465835,-0.4916486,-0.40151843
1974-03,-0.23716211,-0.2810448,-0.19327942
1974-04,-0.20168932,-0.25082228,-0.15255636
1974-05,-0.1265853,-0.18765014,-0.06552047
1974-06,-0.11528032,-0.18392684,-0.04663381
1974-07,-0.13573898,-0.20700736,-0.0644706
1974-08,0.023082737,-0.05511237,0.10127784
1974-09,-0.09269041,-0.16663258,-0.01874824
1974-10,-0.11529485,-0.17675921,-0.053830486
1974-11,-0.12621354,-0.17617388,-0.07625319
1974-12,-0.21389274,-0.25553343,-0.17225204
1975-01,-0.0966292,-0.13978224,-0.053476162
1975-02,-0.020880949,-0.06348584,0.021723943
1975-03,-0.01112924,-0.05811524,0.035856765
1975-04,-0.051968537,-0.10094516,-0.0029919175
1975-05,0.053007245,-0.009473412,0.1154879
1975-06,-0.060783383,-0.13291909,0.011352318
1975-07,-0.10466969,-0.18719059,-0.022148784
1975-08,-0.23242185,-0.30827186,-0.15657184
1975-09,-0.139501,-0.21193255,-0.06706945
1975-10,-0.15371256,-0.22347201,-0.083953075
1975-11,-0.26358986,-0.31321743,-0.21396226
1975-12,-0.24677186,-0.29279146,-0.20075226
1976-01,-0.16959351,-0.21492438,-0.12426263
1976-02,-0.23186125,-0.27618515,-0.18753733
1976-03,-0.33692366,-0.38385162,-0.28999567
1976-04,-0.18590008,-0.24028902,-0.13151114
1976-05,-0.35880587,-0.42114106,-0.29647064
1976-06,-0.23977908,-0.3094969,-0.17006126
1976-07,-0.17275204,-0.25314432,-0.09235974
1976-08,-0.24235126,-0.3215088,-0.16319375
1976-09,-0.15119453,-0.22489694,-0.07749211
1976-10,-0.3322862,-0.3963161,-0.26825628
1976-11,-0.13943368,-0.19311805,-0.08574931
1976-12,-0.02945889,-0.08022431,0.02130653
1977-01,0.15336634,0.10795948,0.1987732
1977-02,0.10381479,0.053849906,0.15377967
1977-03,0.07475545,0.024980498,0.124530405
1977-04,0.13446581,0.08024284,0.18868878
1977-05,0.22771347,0.16327552,0.2921514
1977-06,0.20780508,0.14048275,0.2751274
1977-07,0.14251913,0.061580263,0.22345799
1977-08,0.1298329,0.04911758,0.2105482
1977-09,-0.0019903248,-0.07811894,0.07413829
1977-10,-0.01617223,-0.083238326,0.050893866
1977-11,0.12106576,0.06669167,0.17543985
1977-12,-0.04011389,-0.09081486,0.010587082
1978-01,0.036995538,-0.0071859756,0.081177056
1978-02,0.07385509,0.02860965,0.11910052
1978-03,0.059285987,0.014052451,0.10451952
1978-04,0.053218562,-0.00055365695,0.106990784
1978-05,0.0115159005,-0.052302517,0.07533432
1978-06,-0.055066437,-0.123960376,0.01382751
1978-07,0.016265042,-0.05862395,0.09115403
1978-08,-0.2168574,-0.2955802,-0.1381346
1978-09,0.04174579,-0.036548592,0.12004017
1978-10,-0.059895515,-0.12789159,0.008100553
1978-11,0.091779426,0.04129526,0.14226359
1978-12,0.010227291,-0.032376792,0.05283137
1979-01,0.0516812,0.014161454,0.08920094
1979-02,-0.17951806,-0.2162433,-0.14279284
1979-03,0.06694152,0.030953744,0.102929294
1979-04,0.07699999,0.03878828,0.1152117
1979-05,-0.022435743,-0.06633464,0.021463156
1979-06,0.050191652,0.006530249,0.09385306
1979-07,0.018005762,-0.03262814,0.068639666
1979-08,0.114524774,0.053652395,0.17539716
1979-09,0.17285156,0.11173119,0.23397192
1979-10,0.14730756,0.09926776,0.19534737
1979-11,0.20778532,0.16501372,0.25055695
1979-12,0.38596204,0.3516528,0.4202713
1980-01,0.2527261,0.21300751,0.29244468
1980-02,0.3607043,0.32330173,0.3981069
1980-03,0.21667273,0.17630167,0.25704378
1980-04,0.23393515,0.19394667,0.2739236
1980-05,0.2456877,0.19866508,0.2927103
1980-06,0.13180715,0.082248576,0.18136574
1980-07,0.20636384,0.15439135,0.25833634
1980-08,0.16441017,0.10678383,0.22203653
1980-09,0.123579785,0.060605038,0.18655454
1980-10,0.097044446,0.043979082,0.15010981
1980-11,0.20625903,0.15803419,0.25448385
1980-12,0.113674425,0.07168679,0.15566206
1981-01,0.44390386,0.39915735,0.4886504
1981-02,0.33654687,0.30277714,0.3703166
1981-03,0.33077422,0.29371208,0.3678364
1981-04,0.19894964,0.15788971,0.24000956
1981-05,0.14773263,0.101183265,0.194282
1981-06,0.24469398,0.19016218,0.29922578
1981-07,0.26434663,0.2016414,0.3270519
1981-08,0.31205258,0.25005865,0.3740465
1981-09,0.1367701,0.07926537,0.19427481
1981-10,0.05529363,0.0070646233,0.103522636
1981-11,0.16566867,0.12102321,0.21031414
1981-12,0.3634116,0.3172231,0.4096001
1982-01,-0.024068523,-0.07235162,0.024214571
1982-02,0.06821714,0.0223868,0.11404749
1982-03,-0.13698223,-0.1845714,-0.08939307
1982-04,0.020402594,-0.029829908,0.070635095
1982-05,0.09071928,0.03224222,0.14919634
1982-06,-0.0013139228,-0.064454645,0.061826803
1982-07,0.075844936,0.004775244,0.14691463
1982-08,-0.045588225,-0.11802615,0.026849702
1982-09,0.016534334,-0.050160784,0.08322945
1982-10,0.041061886,-0.018483559,0.10060733
1982-11,0.029048067,-0.020967891,0.07906403
1982-12,0.27728456,0.23279157,0.32177758
1983-01,0.3584244,0.31470326,0.40214556
1983-02,0.33635557,0.2908501,0.381861
1983-03,0.24756545,0.20511036,0.29002056
1983-04,0.17535253,0.12663808,0.22406697
1983-05,0.22204514,0.16600104,0.27808926
1983-06,0.16691586,0.10999884,0.22383289
1983-07,0.114927486,0.056167133,0.17368785
1983-08,0.28377086,0.21628153,0.3512602
1983-09,0.3260587,0.2662912,0.38582617
1983-10,0.113148384,0.057640273,0.16865648
1983-11,0.24547733,0.19653328,0.29442137
1983-12,0.096021675,0.049950793,0.14209256
1984-01,0.15764055,0.11318809,0.202093
1984-02,0.02001983,-0.025347726,0.06538738
1984-03,0.14398187,0.09306026,0.1949035
1984-04,0.010137831,-0.039188646,0.05946431
1984-05,0.21433139,0.16248918,0.2661736
1984-06,-0.038575307,-0.100490406,0.023339793
1984-07,0.024865314,-0.037082333,0.086812966
1984-08,0.08923666,0.023951871,0.15452145
1984-09,0.12719487,0.06800548,0.18638426
1984-10,0.040902097,-0.012790171,0.09459436
1984-11,-0.05765004,-0.104584284,-0.010715791
1984-12,-0.15602855,-0.19877177,-0.11328532
1985-01,0.1155558,0.070438474,0.16067311
1985-02,-0.104183674,-0.14948314,-0.05888421
1985-03,0.04271185,-0.0051474376,0.090571135
1985-04,0.0028204513,-0.042313404,0.047954306
1985-05,0.067987494,0.019966573,0.116008416
1985-06,0.12117828,0.071005605,0.17135094
1985-07,-0.022891713,-0.07350898,0.027725551
1985-08,0.1431363,0.08397767,0.20229492
1985-09,0.11767927,0.061845258,0.17351328
1985-10,0.039328277,-0.011885249,0.0905418
1985-11,0.018120727,-0.028659811,0.06490126
1985-12,0.05531433,0.014779543,0.09584911
1986-01,0.11670128,0.07163385,0.1617687
1986-02,0.3093589,0.26656476,0.352153
1986-03,0.13820964,0.09782837,0.17859091
1986-04,0.13485684,0.09247309,0.1772406
1986-05,0.13101041,0.08589921,0.17612162
1986-06,0.039869342,-0.008415869,0.088154554
1986-07,0.042954296,-0.01108,0.096988596
1986-08,0.08790163,0.0326548,0.14314847
1986-09,0.024142634,-0.0311676,0.07945287
1986-10,0.051004555,0.0039842986,0.098024815
1986-11,0.04011416,0.00013273644,0.08009558
1986-12,0.03212002,-0.009131731,0.073371775
1987-01,0.22004549,0.17728503,0.26280597
1987-02,0.31599578,0.27342454,0.35856703
1987-03,0.104251325,0.06377447,0.14472818
1987-04,0.1889307,0.1432275,0.23463391
1987-05,0.16939573,0.122770004,0.21602145
1987-06,0.26585034,0.21572928,0.31597137
1987-07,0.34769198,0.3002212,0.39516273
1987-08,0.21050136,0.15359204,0.2674107
1987-09,0.26593548,0.21810848,0.31376252
1987-10,0.26956236,0.22279249,0.31633225
1987-11,0.18613108,0.14134122,0.23092094
1987-12,0.37202516,0.3352671,0.40878323
1988-01,0.45912874,0.4158971,0.50236034
1988-02,0.33302152,0.288721,0.37732208
1988-03,0.38519633,0.34249073,0.42790192
1988-04,0.32767174,0.28327718,0.37206626
1988-05,0.31933275,0.2659124,0.3727531
1988-06,0.33036658,0.27507606,0.3856571
1988-07,0.2556859,0.2018744,0.30949736
1988-08,0.25767827,0.19392912,0.32142743
1988-09,0.25825685,0.19838016,0.31813353
1988-10,0.254709,0.20196135,0.30745664
1988-11,0.028571693,-0.021743037,0.07888642
1988-12,0.17620139,0.12991531,0.22248745
1989-01,-0.026005011,-0.07035818,0.018348154
1989-02,0.23738506,0.19713072,0.27763942
1989-03,0.18512788,0.1426663,0.22758949
1989-04,0.14958581,0.10371123,0.19546038
1989-05,0.038256668,-0.013571449,0.090084784
1989-06,0.09383323,0.03904897,0.14861748
1989-07,0.26380813,0.20505361,0.32256266
1989-08,0.25223345,0.185825,0.3186419
1989-09,0.29773393,0.23395298,0.36151487
1989-10,0.26001906,0.20135662,0.31868154
1989-11,0.11531052,0.06379637,0.16682467
1989-12,0.2837144,0.23685499,0.33057386
1990-01,0.28277373,0.23656435,0.32898313
1990-02,0.27884814,0.23266093,0.3250354
1990-03,0.6347864,0.58848524,0.6810877
1990-04,0.4940245,0.44746447,0.5405845
1990-05,0.40596974,0.35395133,0.45798814
1990-06,0.3151888,0.26191312,0.36846447
1990-07,0.3796524,0.32039037,0.43891445
1990-08,0.28095096,0.21359323,0.34830868
1990-09,0.22031836,0.1604603,0.28017643
1990-10,0.38645974,0.33040056,0.4425189
1990-11,0.35899177,0.30630797,0.4116756
1990-12,0.28878504,0.24264595,0.33492413
1991-01,0.30340114,0.26020792,0.34659436
1991-02,0.4070458,0.35951877,0.45457286
1991-03,0.24740836,0.20353888,0.29127786
1991-04,0.43600866,0.3861235,0.48589385
1991-05,0.31398752,0.2661917,0.36178336
1991-06,0.4334769,0.38315243,0.4838014
1991-07,0.46741664,0.413612,0.5212213
1991-08,0.3620418,0.30141258,0.422671
1991-09,0.35283542,0.2949484,0.41072243
1991-10,0.25118244,0.19777474,0.30459014
1991-11,0.25364134,0.20526768,0.30201498
1991-12,0.23831235,0.19523758,0.28138712
1992-01,0.36292845,0.32279372,0.40306315
1992-02,0.34844932,0.30590802,0.39099064
1992-03,0.30922496,0.26654962,0.35190034
1992-04,0.16185239,0.11636393,0.20734085
1992-05,0.16797747,0.115565054,0.22038987
1992-06,0.15643431,0.09561311,0.21725553
1992-07,0.005340144,-0.05662222,0.0673025
1992-08,0.03774724,-0.039666817,0.1151613
1992-09,-0.08989003,-0.16200817,-0.017771905
1992-10,-0.022682328,-0.07580555,0.030440897
1992-11,-0.03733942,-0.08598786,0.011309022
1992-12,0.09871902,0.054537915,0.14290014
1993-01,0.26102662,0.21946819,0.30258507
1993-02,0.28333446,0.23878285,0.32788607
1993-03,0.23608007,0.18892586,0.28323427
1993-04,0.19514883,0.14572291,0.24457474
1993-05,0.19503304,0.13349326,0.25657284
1993-06,0.16445984,0.099572934,0.22934674
1993-07,0.15863112,0.09205189,0.22521032
1993-08,0.08418279,0.013109553,0.15525602
1993-09,0.045521,-0.027268391,0.11831039
1993-10,0.15051654,0.09072666,0.21030644
1993-11,0.06566895,0.012819225,0.11851867
1993-12,0.14829831,0.1003046,0.19629201
1994-01,0.20031649,0.15430397,0.24632901
1994-02,0.014015401,-0.037698988,0.06572979
1994-03,0.23547028,0.1929952,0.27794534
1994-04,0.25558206,0.20292777,0.30823633
1994-05,0.20769499,0.14959231,0.26579767
1994-06,0.31435218,0.25530413,0.37340024
1994-07,0.18217762,0.11941934,0.2449359
1994-08,0.1732785,0.10758695,0.23897003
1994-09,0.2722316,0.21403906,0.3304242
1994-10,0.34696406,0.29957974,0.39434835
1994-11,0.3531186,0.30807722,0.39815998
1994-12,0.24739546,0.20374133,0.29104957
1995-01,0.41360325,0.36785004,0.4593565
1995-02,0.6401344,0.5955497,0.6847191
1995-03,0.3564086,0.3137096,0.39910764
1995-04,0.42731214,0.38019723,0.474427
1995-05,0.26464352,0.2158012,0.31348586
1995-06,0.37844238,0.32494324,0.4319415
1995-07,0.44184983,0.3830831,0.50061655
1995-08,0.391613,0.32795027,0.45527574
1995-09,0.27957153,0.22031401,0.33882907
1995-10,0.37940124,0.3315722,0.42723027
1995-11,0.37539726,0.32783252,0.42296204
1995-12,0.1740167,0.13141942,0.21661398
1996-01,0.21639675,0.17465207,0.25814143
1996-02,0.46155688,0.4207942,0.5023196
1996-03,0.2883724,0.24666715,0.33007762
1996-04,0.25163049,0.2030822,0.3001788
1996-05,0.23714963,0.18536083,0.2889384
1996-06,0.21651414,0.16119543,0.27183285
1996-07,0.3253906,0.2691372,0.381644
1996-08,0.35149437,0.2850047,0.41798404
1996-09,0.20457508,0.1391627,0.26998743
1996-10,0.12766548,0.07437373,0.18095721
1996-11,0.3162583,0.26804507,0.36447155
1996-12,0.32326886,0.28039086,0.36614683
1997-01,0.24903603,0.2050436,0.29302847
1997-02,0.30442297,0.26189378,0.34695214
1997-03,0.39708516,0.35149974,0.44267058
1997-04,0.3775284,0.33273223,0.4223246
1997-05,0.31710884,0.26625335,0.36796433
1997-06,0.49175587,0.43785518,0.54565656
1997-07,0.3461335,0.28540578,0.4068612
1997-08,0.40574697,0.3444696,0.46702433
1997-09,0.4674913,0.4117658,0.5232167
1997-10,0.5718022,0.5265241,0.61708033
1997-11,0.61571497,0.573657,0.657773
1997-12,0.52387595,0.48183948,0.5659124
1998-01,0.5629589,0.5195781,0.6063397
1998-02,0.7973742,0.75377077,0.84097755
1998-03,0.5894701,0.54612184,0.6328183
1998-04,0.65089357,0.6040493,0.6977379
1998-05,0.6390668,0.5907695,0.6873641
1998-06,0.6679476,0.6111207,0.7247745
1998-07,0.65909415,0.59979075,0.71839756
1998-08,0.6453173,0.57817835,0.7124562
1998-09,0.43478084,0.375726,0.49383566
1998-10,0.41109028,0.35487813,0.4673024
1998-11,0.38224158,0.33153662,0.43294653
1998-12,0.48756245,0.4447607,0.53036416
1999-01,0.3872738,0.34417182,0.43037575
1999-02,0.60396034,0.55778724,0.6501335
1999-03,0.26383877,0.22156142,0.30611613
1999-04,0.26947576,0.22510633,0.3138452
1999-05,0.2477816,0.19969408,0.29586914
1999-06,0.32476822,0.2663474,0.383189
1999-07,0.3104075,0.2524305,0.36838448
1999-08,0.3025803,0.23762035,0.36754024
1999-09,0.27602673,0.21561834,0.33643514
1999-10,0.30699936,0.25596854,0.3580302
1999-11,0.28691775,0.2385114,0.3353241
1999-12,0.3137894,0.2717762,0.35580257
2000-01,0.18133692,0.13842326,0.22425057
2000-02,0.49915195,0.45606333,0.54224056
2000-03,0.44504288,0.40051213,0.48957363
2000-04,0.5384154,0.49182132,0.5850094
2000-05,0.30583385,0.25669247,0.35497522
2000-06,0.3502256,0.29859963,0.40185153
2000-07,0.32576227,0.2669195,0.38460502
2000-08,0.3747202,0.31097934,0.43846104
2000-09,0.3107709,0.2432111,0.37833068
2000-10,0.19478564,0.1407225,0.24884878
2000-11,0.24529691,0.19789627,0.29269755
2000-12,0.20167494,0.16030242,0.24304746
2001-01,0.36417356,0.3213304,0.40701672
2001-02,0.3918914,0.3534353,0.43034744
2001-03,0.5204522,0.47700635,0.563898
2001-04,0.45251647,0.4085218,0.49651113
2001-05,0.48934218,0.43208975,0.5465946
2001-06,0.44591305,0.3939379,0.4978882
2001-07,0.50912946,0.45009238,0.5681665
2001-08,0.5074936,0.4429187,0.5720685
2001-09,0.49257064,0.4302663,0.554875
2001-10,0.46419922,0.41107866,0.51731974
2001-11,0.69211686,0.640878,0.7433557
2001-12,0.54156566,0.49947885,0.5836525
2002-01,0.6473876,0.60533094,0.68944436
2002-02,0.6426373,0.6011374,0.68413717
2002-03,0.79940027,0.7590046,0.8397959
2002-04,0.56820655,0.52739567,0.6090175
2002-05,0.502807,0.44722888,0.5583851
2002-06,0.4493149,0.39931378,0.49931604
2002-07,0.56947935,0.51337254,0.62558615
2002-08,0.4984804,0.43160668,0.56535417
2002-09,0.50192404,0.44515252,0.5586955
2002-10,0.50043756,0.45524058,0.54563457
2002-11,0.4944799,0.4534452,0.5355146
2002-12,0.34704304,0.30875584,0.3853302
2003-01,0.65388364,0.613197,0.6945702
2003-02,0.48562348,0.4458717,0.52537525
2003-03,0.48364088,0.44157836,0.52570343
2003-04,0.47277164,0.42678806,0.51875526
2003-05,0.52228177,0.47656673,0.5679968
2003-06,0.42513415,0.37852696,0.47174132
2003-07,0.48383972,0.43063387,0.53704554
2003-08,0.6121032,0.550043,0.6741635
2003-09,0.5746869,0.5124665,0.6369072
2003-10,0.65677655,0.6032623,0.7102908
2003-11,0.4990721,0.45430422,0.54384
2003-12,0.66022813,0.6204066,0.7000496
2004-01,0.5089659,0.46465796,0.55327386
2004-02,0.634869,0.5934909,0.67624706
2004-03,0.52825564,0.48533162,0.5711797
2004-04,0.52279246,0.47966897,0.56591594
2004-05,0.35092646,0.29784238,0.4040105
2004-06,0.31097007,0.25695875,0.3649814
2004-07,0.23719142,0.18061385,0.293769
2004-08,0.45830214,0.3906122,0.5259921
2004-09,0.46726716,0.40468165,0.5298527
2004-10,0.52292866,0.47372162,0.57213575
2004-11,0.6510514,0.6063923,0.6957104
2004-12,0.41492838,0.37327114,0.4565856
2005-01,0.6500713,0.609467,0.6906757
2005-02,0.5338277,0.49320507,0.5744504
2005-03,0.6459099,0.6046563,0.6871636
2005-04,0.63165,0.5915574,0.6717425
2005-05,0.553209,0.5060686,0.6003494
2005-06,0.5688213,0.5192257,0.61841685
2005-07,0.55488116,0.5001601,0.6096023
2005-08,0.58098936,0.5232058,0.6387729
2005-09,0.6340549,0.5779788,0.690131
2005-10,0.68443674,0.63147235,0.73740107
2005-11,0.6432208,0.60146093,0.6849806
2005-12,0.6012786,0.5628747,0.63968253
2006-01,0.4999044,0.46040437,0.53940445
2006-02,0.6455559,0.6057573,0.6853545
2006-03,0.543684,0.5041917,0.5831763
2006-04,0.48621997,0.44641006,0.5260299
2006-05,0.47178116,0.42676216,0.51680017
2006-06,0.57188183,0.5230483,0.6207154
2006-07,0.4763779,0.4250063,0.52774954
2006-08,0.6333706,0.57561433,0.6911268
2006-09,0.5499711,0.49338928,0.60655284
2006-10,0.6137471,0.5645416,0.6629527
2006-11,0.66086054,0.62075555,0.7009655
2006-12,0.7172778,0.67794055,0.75661516
2007-01,0.8930489,0.8556196,0.9304782
2007-02,0.63967174,0.5991852,0.6801582
2007-03,0.59194857,0.5498087,0.63408846
2007-04,0.7261497,0.6873898,0.7649096
2007-05,0.58012205,0.53377515,0.62646896
2007-06,0.5006901,0.4553407,0.5460395
2007-07,0.5630122,0.5168375,0.6091869
2007-08,0.5837867,0.5294786,0.63809484
2007-09,0.5083473,0.45169324,0.56500137
2007-10,0.5590798,0.511534,0.60662574
2007-11,0.5355275,0.4951343,0.57592076
2007-12,0.41903135,0.37986842,0.45819432
2008-01,0.21021158,0.17132828,0.24909489
2008-02,0.2693002,0.23020747,0.30839294
2008-03,0.6136748,0.57399446,0.65335524
2008-04,0.44805115,0.40573728,0.490365
2008-05,0.43248925,0.38698703,0.47799146
2008-06,0.38399753,0.33127367,0.43672138
2008-07,0.5340773,0.47861314,0.58954144
2008-08,0.45276764,0.38723072,0.5183046
2008-09,0.5480162,0.48638335,0.609649
2008-10,0.5909558,0.5442111,0.63770056
2008-11,0.63220257,0.58828634,0.67611885
2008-12,0.4720541,0.4311543,0.5129539
2009-01,0.59029907,0.5528154,0.6277828
2009-02,0.47127843,0.43303752,0.50951934
2009-03,0.446841,0.40850705,0.48517495
2009-04,0.528052,0.48462898,0.571475
2009-05,0.5503384,0.5067513,0.5939255
2009-06,0.6234883,0.57204455,0.67493206
2009-07,0.68074554,0.6269582,0.7345329
2009-08,0.6221325,0.5652589,0.679006
2009-09,0.68177086,0.6316205,0.7319212
2009-10,0.6202136,0.57169586,0.6687314
2009-11,0.7060583,0.6633704,0.74874634
2009-12,0.64016175,0.59658796,0.68373555
2010-01,0.7106075,0.6701205,0.75109464
2010-02,0.7901331,0.7487547,0.8315116
2010-03,0.8602274,0.82209677,0.8983581
2010-04,0.83354694,0.79155594,0.87553793
2010-05,0.71491516,0.668846,0.76098436
2010-06,0.6450033,0.59584945,0.69415724
2010-07,0.61741793,0.5650828,0.66975313
2010-08,0.6146318,0.5553926,0.67387086
2010-09,0.5642509,0.51248723,0.6160146
2010-10,0.64213544,0.5979481,0.68632275
2010-11,0.73456544,0.69051653,0.7786144
2010-12,0.4370223,0.39815724,0.4758874
2011-01,0.45676905,0.41436893,0.49916914
2011-02,0.42912033,0.3897128,0.46852788
2011-03,0.5563974,0.51538527,0.5974095
2011-04,0.60221547,0.56289977,0.64153117
2011-05,0.44336236,0.40157145,0.4851533
2011-06,0.5482127,0.502444,0.5939814
2011-07,0.64491206,0.58925456,0.7005696
2011-08,0.6510249,0.5970996,0.70495015
2011-09,0.53794116,0.48637974,0.5895026
2011-10,0.5763366,0.5300275,0.6226457
2011-11,0.5112523,0.46869895,0.5538056
2011-12,0.49482837,0.4525499,0.5371068
2012-01,0.3695542,0.3276059,0.4115025
2012-02,0.4647088,0.41840962,0.51100796
2012-03,0.4209961,0.3828921,0.4591001
2012-04,0.6105002,0.56782424,0.6531762
2012-05,0.6589486,0.6107233,0.70717394
2012-06,0.629351,0.5786319,0.6800701
2012-07,0.56779647,0.51425034,0.6213426
2012-08,0.6449439,0.5771274,0.7127604
2012-09,0.64759123,0.5868464,0.708336
2012-10,0.7321626,0.6801398,0.7841854
2012-11,0.7210487,0.6773536,0.76474386
2012-12,0.4636831,0.42318177,0.5041845
2013-01,0.6078036,0.5659251,0.64968204
2013-02,0.52651656,0.48379186,0.5692413
2013-03,0.5829417,0.541925,0.62395847
2013-04,0.57481265,0.5257574,0.6238679
2013-05,0.5568857,0.50146765,0.6123038
2013-06,0.6593197,0.6030043,0.7156352
2013-07,0.58917844,0.5326067,0.64575016
2013-08,0.6352067,0.57162017,0.6987932
2013-09,0.7221902,0.6662515,0.77812886
2013-10,0.6503963,0.597056,0.70373666
2013-11,0.7700114,0.7229114,0.81711143
2013-12,0.60764134,0.56141466,0.65386796
2014-01,0.6695646,0.622098,0.7170312
2014-02,0.49080652,0.44725463,0.5343584
2014-03,0.694528,0.648441,0.740615
2014-04,0.73631227,0.6886264,0.78399813
2014-05,0.73708785,0.6884094,0.78576624
2014-06,0.61747456,0.5643953,0.6705538
2014-07,0.5809606,0.52662504,0.63529617
2014-08,0.73377496,0.67367274,0.7938772
2014-09,0.756769,0.7046591,0.8088789
2014-10,0.7423641,0.69290525,0.7918229
2014-11,0.63000286,0.5861616,0.6738441
2014-12,0.6848145,0.6452265,0.7244026
2015-01,0.7400082,0.69822913,0.7817873
2015-02,0.78175026,0.740612,0.8228885
2015-03,0.79528373,0.75049824,0.8400692
2015-04,0.70091575,0.65298545,0.74884605
2015-05,0.7309856,0.6839389,0.77803224
2015-06,0.7596305,0.7079085,0.81135243
2015-07,0.7145488,0.66327834,0.7658193
2015-08,0.7991504,0.7368658,0.861435
2015-09,0.82609314,0.77123094,0.88095534
2015-10,1.0153373,0.96493423,1.0657405
2015-11,0.9959859,0.95247537,1.0394964
2015-12,1.0416831,0.99845076,1.0849154
2016-01,1.0877537,1.0464499,1.1290573
2016-02,1.2235882,1.1839018,1.2632747
2016-03,1.1820779,1.1462066,1.217949
2016-04,1.0296463,0.9872375,1.072055
2016-05,0.8804874,0.83482504,0.9261497
2016-06,0.77708083,0.7294142,0.82474744
2016-07,0.77772677,0.72627807,0.82917553
2016-08,0.94857633,0.8921002,1.0050524
2016-09,0.8455436,0.79136264,0.8997246
2016-10,0.81902903,0.7713468,0.8667112
2016-11,0.8444866,0.80383766,0.8851355
2016-12,0.77912897,0.7382809,0.8199771
2017-01,0.9519715,0.91184795,0.99209505
2017-02,1.0670907,1.0290638,1.1051178
2017-03,1.0645919,1.0271796,1.1020042
2017-04,0.84599763,0.80479693,0.88719827
2017-05,0.7798254,0.73829556,0.8213552
2017-06,0.6575456,0.609505,0.70558625
2017-07,0.80458516,0.7507668,0.85840356
2017-08,0.81099087,0.7511646,0.8708171
2017-09,0.72930163,0.6776079,0.78099537
2017-10,0.80949205,0.764127,0.85485715
2017-11,0.8058706,0.763549,0.8481923
2017-12,0.8148281,0.7754213,0.85423493
2018-01,0.7106047,0.6729177,0.7482917
2018-02,0.7957914,0.75522476,0.836358
2018-03,0.7900751,0.7507628,0.82938737
2018-04,0.8223178,0.7767505,0.86788505
2018-05,0.71316856,0.6692025,0.7571347
2018-06,0.7375257,0.6873122,0.7877392
2018-07,0.7334142,0.67723614,0.78959227
2018-08,0.73473924,0.672286,0.79719245
2018-09,0.67586756,0.6212568,0.7304783
2018-10,0.8693208,0.8213614,0.9172802
2018-11,0.7447671,0.7012972,0.78823704
2018-12,0.8242562,0.7847442,0.86376816
2019-01,0.7995958,0.75716734,0.84202427
2019-02,0.8442263,0.79712707,0.89132553
2019-03,1.0757369,1.0314062,1.1200676
2019-04,0.93880504,0.89124775,0.9863623
2019-05,0.7776251,0.73376954,0.8214807
2019-06,0.80911994,0.7547636,0.8634763
2019-07,0.8571952,0.79993093,0.9144594
2019-08,0.85825413,0.79831004,0.91819817
2019-09,0.8026575,0.74497795,0.860337
2019-10,0.9556284,0.9032823,1.0079745
2019-11,0.9372168,0.8904445,0.9839892
2019-12,1.0368102,0.9909035,1.0827167
2020-01,1.0694563,1.0249017,1.1140109
2020-02,1.1133685,1.0673538,1.1593832
2020-03,1.0943997,1.0482767,1.1405227
2020-04,1.0626723,1.0151452,1.1101993
2020-05,0.90792704,0.8561947,0.9596594
2020-06,0.8251334,0.7627924,0.8874744
2020-07,0.81607646,0.7542902,0.87786263
2020-08,0.80101144,0.7415303,0.8604925
2020-09,0.8670323,0.80767053,0.92639405
2020-10,0.8107299,0.76469195,0.8567679
2020-11,1.0130944,0.9651476,1.0610412
2020-12,0.6926237,0.6460196,0.7392277
